报告开始日期,报告结束日期,广告系列名称,广告系列投放,归因设置,成效,成效指标,覆盖人数,展示次数,频次,链接点击量,单次链接点击费用 (USD),CPM（千次展示费用） (USD),广告组预算,广告组预算类型,已花费金额 (USD),加入购物车次数,结账发起次数,购物次数,添加支付信息,购物转化价值,广告花费回报 (ROAS) - 购物,结果（初始）,成效（初始）指标,广告系列目标,广告系列 ID
2026-09-23,2026-09-23,新互动广告系列-0923-内衣2-1-新,active,点击后 7 天内、浏览后 1 天内或互动观看后 1 天内,0,actions:post_engagement,1496,1555,1.039547,29,0.6731,12.392378,20,使用广告组预算,19.27,1,0,0,0,0.0,0.0,,,OUTCOME_ENGAGEMENT,1202110000190
2026-09-24,2026-09-24,新互动广告系列-0923-内衣2-1-新,active,点击后 7 天内、浏览后 1 天内或互动观看后 1 天内,0,actions:post_engagement,1814,1888,1.040526,34,0.5886,10.626331,20,使用广告组预算,20.06,1,0,0,0,0.0,0.0,,,OUTCOME_ENGAGEMENT,1202110000190
2026-09-25,2026-09-25,新互动广告系列-0923-内衣2-1-新,active,点击后 7 天内、浏览后 1 天内或互动观看后 1 天内,0,actions:post_engagement,1569,1634,1.041528,29,0.6616,11.707375,20,使用广告组预算,19.13,1,0,0,0,0.0,0.0,,,OUTCOME_ENGAGEMENT,1202110000190
2026-09-26,2026-09-26,新互动广告系列-0923-内衣2-1-新,active,点击后 7 天内、浏览后 1 天内或互动观看后 1 天内,1,actions:post_engagement,1618,1687,1.042474,29,0.6604,11.451822,20,使用广告组预算,19.32,2,1,1,1,68.04,3.52,,,OUTCOME_ENGAGEMENT,1202110000190
2026-09-27,2026-09-27,新互动广告系列-0923-内衣2-1-新,active,点击后 7 天内、浏览后 1 天内或互动观看后 1 天内,0,actions:post_engagement,1981,2067,1.043545,35,0.6177,10.4915,20,使用广告组预算,21.69,1,0,0,0,0.0,0.0,,,OUTCOME_ENGAGEMENT,1202110000190
2026-09-23,2026-09-23,新互动广告系列-0923-内衣3-1-新,active,点击后 7 天内、浏览后 1 天内或互动观看后 1 天内,0,actions:post_engagement,1659,1847,1.113099,42,0.5754,13.03502,25,使用广告组预算,24.07,2,1,0,0,0.0,0.0,,,OUTCOME_ENGAGEMENT,1202110000192
2026-09-24,2026-09-24,新互动广告系列-0923-内衣3-1-新,active,点击后 7 天内、浏览后 1 天内或互动观看后 1 天内,0,actions:post_engagement,1600,1788,1.117453,40,0.6526,14.540055,25,使用广告组预算,26.0,2,1,0,0,0.0,0.0,,,OUTCOME_ENGAGEMENT,1202110000192
2026-09-25,2026-09-25,新互动广告系列-0923-内衣3-1-新,active,点击后 7 天内、浏览后 1 天内或互动观看后 1 天内,0,actions:post_engagement,1835,2059,1.122079,45,0.5216,11.421445,25,使用广告组预算,23.51,2,1,0,1,0.0,0.0,,,OUTCOME_ENGAGEMENT,1202110000192
2026-09-26,2026-09-26,新互动广告系列-0923-内衣3-1-新,active,点击后 7 天内、浏览后 1 天内或互动观看后 1 天内,0,actions:post_engagement,1703,1919,1.126883,41,0.5912,12.72432,25,使用广告组预算,24.42,2,1,0,0,0.0,0.0,,,OUTCOME_ENGAGEMENT,1202110000192
2026-09-27,2026-09-27,新互动广告系列-0923-内衣3-1-新,active,点击后 7 天内、浏览后 1 天内或互动观看后 1 天内,0,actions:post_engagement,1833,2074,1.131727,44,0.5655,11.95869,25,使用广告组预算,24.81,2,1,0,1,0.0,0.0,,,OUTCOME_ENGAGEMENT,1202110000192
2026-09-23,2026-09-23,新互动广告系列-0923-卫衣2-1-新 - 广告副本,active,点击后 7 天内、浏览后 1 天内或互动观看后 1 天内,0,actions:post_engagement,640,779,1.218183,16,0.6295,12.856683,10,使用广告组预算,10.02,1,1,0,1,0.0,0.0,,,OUTCOME_ENGAGEMENT,1202110000146
2026-09-24,2026-09-24,新互动广告系列-0923-卫衣2-1-新 - 广告副本,active,点击后 7 天内、浏览后 1 天内或互动观看后 1 天内,0,actions:post_engagement,618,765,1.239151,16,0.6311,12.783194,10,使用广告组预算,9.78,1,0,0,0,0.0,0.0,,,OUTCOME_ENGAGEMENT,1202110000146
2026-09-25,2026-09-25,新互动广告系列-0923-卫衣2-1-新 - 广告副本,active,点击后 7 天内、浏览后 1 天内或互动观看后 1 天内,0,actions:post_engagement,518,651,1.258701,13,0.7569,15.223774,10,使用广告组预算,9.92,0,0,0,0,0.0,0.0,,,OUTCOME_ENGAGEMENT,1202110000146
2026-09-26,2026-09-26,新互动广告系列-0923-卫衣2-1-新 - 广告副本,active,点击后 7 天内、浏览后 1 天内或互动观看后 1 天内,0,actions:post_engagement,564,721,1.277922,14,0.6678,13.329212,10,使用广告组预算,9.6,1,0,0,0,0.0,0.0,,,OUTCOME_ENGAGEMENT,1202110000146
2026-09-27,2026-09-27,新互动广告系列-0923-卫衣2-1-新 - 广告副本,active,点击后 7 天内、浏览后 1 天内或互动观看后 1 天内,0,actions:post_engagement,559,725,1.2985,14,0.6889,13.644192,10,使用广告组预算,9.9,1,0,0,0,0.0,0.0,,,OUTCOME_ENGAGEMENT,1202110000146
2026-09-23,2026-09-23,新互动广告系列-0923-围巾1-1-新,active,点击后 7 天内、浏览后 1 天内或互动观看后 1 天内,1,actions:post_engagement,2751,3077,1.118332,48,0.6178,9.633959,30,使用广告组预算,29.64,2,1,1,1,35.78,1.21,,,OUTCOME_ENGAGEMENT,1202110000228
2026-09-24,2026-09-24,新互动广告系列-0923-围巾1-1-新,active,点击后 7 天内、浏览后 1 天内或互动观看后 1 天内,0,actions:post_engagement,2227,2659,1.194202,40,0.7167,10.760226,30,使用广告组预算,28.61,1,0,0,0,0.0,0.0,,,OUTCOME_ENGAGEMENT,1202110000228
2026-09-25,2026-09-25,新互动广告系列-0923-围巾1-1-新,active,点击后 7 天内、浏览后 1 天内或互动观看后 1 天内,1,actions:post_engagement,2321,2956,1.273344,43,0.694,10.010407,30,使用广告组预算,29.59,2,1,1,1,30.77,1.04,,,OUTCOME_ENGAGEMENT,1202110000228
2026-09-26,2026-09-26,新互动广告系列-0923-围巾1-1-新,active,点击后 7 天内、浏览后 1 天内或互动观看后 1 天内,0,actions:post_engagement,2060,2801,1.360014,39,0.7678,10.666277,30,使用广告组预算,29.88,1,0,0,0,0.0,0.0,,,OUTCOME_ENGAGEMENT,1202110000228
2026-09-27,2026-09-27,新互动广告系列-0923-围巾1-1-新,active,点击后 7 天内、浏览后 1 天内或互动观看后 1 天内,0,actions:post_engagement,2017,2929,1.45208,39,0.7703,10.3024,30,使用广告组预算,30.17,1,0,0,0,0.0,0.0,,,OUTCOME_ENGAGEMENT,1202110000228
2026-09-23,2026-09-23,新互动广告系列-0923-夹克2-1-新 - 广告副本,active,点击后 7 天内、浏览后 1 天内或互动观看后 1 天内,0,actions:post_engagement,1290,1537,1.191276,24,0.8369,13.188145,20,使用广告系列预算,20.27,1,0,0,0,0.0,0.0,,,OUTCOME_ENGAGEMENT,1202110000166
2026-09-24,2026-09-24,新互动广告系列-0923-夹克2-1-新 - 广告副本,active,点击后 7 天内、浏览后 1 天内或互动观看后 1 天内,0,actions:post_engagement,1178,1406,1.193143,22,0.9024,14.069355,20,使用广告系列预算,19.78,1,0,0,0,0.0,0.0,,,OUTCOME_ENGAGEMENT,1202110000166
2026-09-25,2026-09-25,新互动广告系列-0923-夹克2-1-新 - 广告副本,active,点击后 7 天内、浏览后 1 天内或互动观看后 1 天内,0,actions:post_engagement,1180,1410,1.194932,22,0.9044,13.948783,20,使用广告系列预算,19.67,1,1,0,0,0.0,0.0,,,OUTCOME_ENGAGEMENT,1202110000166
2026-09-26,2026-09-26,新互动广告系列-0923-夹克2-1-新 - 广告副本,active,点击后 7 天内、浏览后 1 天内或互动观看后 1 天内,0,actions:post_engagement,1171,1402,1.196721,21,0.9662,14.739115,20,使用广告系列预算,20.66,1,1,0,0,0.0,0.0,,,OUTCOME_ENGAGEMENT,1202110000166
2026-09-27,2026-09-27,新互动广告系列-0923-夹克2-1-新 - 广告副本,active,点击后 7 天内、浏览后 1 天内或互动观看后 1 天内,0,actions:post_engagement,1124,1347,1.198472,20,0.9381,14.153172,20,使用广告系列预算,19.06,1,0,0,0,0.0,0.0,,,OUTCOME_ENGAGEMENT,1202110000166
2026-09-23,2026-09-23,新互动广告系列-0923-帽子3-1-新,active,点击后 7 天内、浏览后 1 天内或互动观看后 1 天内,2,actions:post_engagement,3999,5096,1.274149,149,0.3257,9.496103,50,使用广告组预算,48.39,9,4,2,3,67.95,1.4,,,OUTCOME_ENGAGEMENT,1202110000157
2026-09-24,2026-09-24,新互动广告系列-0923-帽子3-1-新,active,点击后 7 天内、浏览后 1 天内或互动观看后 1 天内,2,actions:post_engagement,3735,4779,1.279485,137,0.3572,10.263679,50,使用广告组预算,49.05,9,4,2,3,54.87,1.12,,,OUTCOME_ENGAGEMENT,1202110000157
2026-09-25,2026-09-25,新互动广告系列-0923-帽子3-1-新,active,点击后 7 天内、浏览后 1 天内或互动观看后 1 天内,2,actions:post_engagement,4364,5608,1.285121,159,0.3209,9.084164,50,使用广告组预算,50.95,10,5,2,3,56.5,1.11,,,OUTCOME_ENGAGEMENT,1202110000157
2026-09-26,2026-09-26,新互动广告系列-0923-帽子3-1-新,active,点击后 7 天内、浏览后 1 天内或互动观看后 1 天内,2,actions:post_engagement,3875,5003,1.290906,140,0.3527,9.837315,50,使用广告组预算,49.21,9,4,2,3,69.91,1.42,,,OUTCOME_ENGAGEMENT,1202110000157
2026-09-27,2026-09-27,新互动广告系列-0923-帽子3-1-新,active,点击后 7 天内、浏览后 1 天内或互动观看后 1 天内,2,actions:post_engagement,4329,5613,1.296718,154,0.3307,9.083565,50,使用广告组预算,50.99,10,5,2,3,65.06,1.28,,,OUTCOME_ENGAGEMENT,1202110000157
2026-09-23,2026-09-23,新互动广告系列-0923-手表2-1-新 - 广告副本,active,点击后 7 天内、浏览后 1 天内或互动观看后 1 天内,0,actions:post_engagement,1593,1761,1.10554,31,0.9856,17.518327,30,使用广告系列预算,30.85,1,0,0,0,0.0,0.0,,,OUTCOME_ENGAGEMENT,1202110000236
2026-09-24,2026-09-24,新互动广告系列-0923-手表2-1-新 - 广告副本,active,点击后 7 天内、浏览后 1 天内或互动观看后 1 天内,0,actions:post_engagement,1332,1479,1.110601,26,1.1401,19.875766,30,使用广告系列预算,29.4,0,0,0,0,0.0,0.0,,,OUTCOME_ENGAGEMENT,1202110000236
2026-09-25,2026-09-25,新互动广告系列-0923-手表2-1-新 - 广告副本,active,点击后 7 天内、浏览后 1 天内或互动观看后 1 天内,0,actions:post_engagement,1500,1673,1.115547,29,1.0419,17.807294,30,使用广告系列预算,29.8,1,0,0,0,0.0,0.0,,,OUTCOME_ENGAGEMENT,1202110000236
2026-09-26,2026-09-26,新互动广告系列-0923-手表2-1-新 - 广告副本,active,点击后 7 天内、浏览后 1 天内或互动观看后 1 天内,0,actions:post_engagement,1394,1562,1.120647,26,1.1134,18.650963,30,使用广告系列预算,29.14,1,1,0,1,0.0,0.0,,,OUTCOME_ENGAGEMENT,1202110000236
2026-09-27,2026-09-27,新互动广告系列-0923-手表2-1-新 - 广告副本,active,点击后 7 天内、浏览后 1 天内或互动观看后 1 天内,0,actions:post_engagement,1569,1766,1.125918,29,1.0756,17.648796,30,使用广告系列预算,31.17,1,1,0,0,0.0,0.0,,,OUTCOME_ENGAGEMENT,1202110000236
2026-09-23,2026-09-23,新互动广告系列-0923-毛衣2-1-新,active,点击后 7 天内、浏览后 1 天内或互动观看后 1 天内,0,actions:post_engagement,835,895,1.071905,16,0.7575,13.376018,25,使用广告系列预算,11.97,0,0,0,0,0.0,0.0,,,OUTCOME_ENGAGEMENT,1202110000195
2026-09-24,2026-09-24,新互动广告系列-0923-毛衣2-1-新,active,点击后 7 天内、浏览后 1 天内或互动观看后 1 天内,0,actions:post_engagement,807,876,1.086279,15,0.7988,13.736089,25,使用广告系列预算,12.04,1,0,0,0,0.0,0.0,,,OUTCOME_ENGAGEMENT,1202110000195
2026-09-25,2026-09-25,新互动广告系列-0923-毛衣2-1-新,active,点击后 7 天内、浏览后 1 天内或互动观看后 1 天内,0,actions:post_engagement,702,772,1.099829,13,0.8265,13.843175,25,使用广告系列预算,10.69,0,0,0,0,0.0,0.0,,,OUTCOME_ENGAGEMENT,1202110000195
2026-09-26,2026-09-26,新互动广告系列-0923-毛衣2-1-新,active,点击后 7 天内、浏览后 1 天内或互动观看后 1 天内,0,actions:post_engagement,666,741,1.112414,12,1.032,16.833887,25,使用广告系列预算,12.47,0,0,0,0,0.0,0.0,,,OUTCOME_ENGAGEMENT,1202110000195
2026-09-27,2026-09-27,新互动广告系列-0923-毛衣2-1-新,active,点击后 7 天内、浏览后 1 天内或互动观看后 1 天内,0,actions:post_engagement,755,850,1.125799,13,0.9436,14.972571,25,使用广告系列预算,12.72,1,1,0,0,0.0,0.0,,,OUTCOME_ENGAGEMENT,1202110000195
2026-09-23,2026-09-23,新互动广告系列-0923-短袖T恤3-1-新,active,点击后 7 天内、浏览后 1 天内或互动观看后 1 天内,0,actions:post_engagement,1905,2095,1.099649,51,0.4991,12.173467,25,使用广告组预算,25.5,2,1,0,0,0.0,0.0,,,OUTCOME_ENGAGEMENT,1202110000142
2026-09-24,2026-09-24,新互动广告系列-0923-短袖T恤3-1-新,active,点击后 7 天内、浏览后 1 天内或互动观看后 1 天内,0,actions:post_engagement,1863,2054,1.102554,49,0.519,12.402756,25,使用广告组预算,25.47,3,1,0,1,0.0,0.0,,,OUTCOME_ENGAGEMENT,1202110000142
2026-09-25,2026-09-25,新互动广告系列-0923-短袖T恤3-1-新,active,点击后 7 天内、浏览后 1 天内或互动观看后 1 天内,1,actions:post_engagement,2103,2325,1.105629,54,0.4691,10.979153,25,使用广告组预算,25.53,3,1,1,1,43.6,1.71,,,OUTCOME_ENGAGEMENT,1202110000142
2026-09-26,2026-09-26,新互动广告系列-0923-短袖T恤3-1-新,active,点击后 7 天内、浏览后 1 天内或互动观看后 1 天内,0,actions:post_engagement,2149,2383,1.108944,55,0.4882,11.184317,25,使用广告组预算,26.66,3,1,0,1,0.0,0.0,,,OUTCOME_ENGAGEMENT,1202110000142
2026-09-27,2026-09-27,新互动广告系列-0923-短袖T恤3-1-新,active,点击后 7 天内、浏览后 1 天内或互动观看后 1 天内,0,actions:post_engagement,1942,2160,1.112153,48,0.547,12.261553,25,使用广告组预算,26.48,2,1,0,1,0.0,0.0,,,OUTCOME_ENGAGEMENT,1202110000142
2026-09-23,2026-09-23,新互动广告系列-0923-短裤3-1-新,active,点击后 7 天内、浏览后 1 天内或互动观看后 1 天内,0,actions:post_engagement,3583,4172,1.164617,112,0.4155,11.134422,50,使用广告系列预算,46.46,5,2,0,1,0.0,0.0,,,OUTCOME_ENGAGEMENT,1202110000177
2026-09-24,2026-09-24,新互动广告系列-0923-短裤3-1-新,active,点击后 7 天内、浏览后 1 天内或互动观看后 1 天内,1,actions:post_engagement,3799,4490,1.181914,117,0.4315,11.287477,50,使用广告系列预算,50.68,5,2,1,1,53.44,1.05,,,OUTCOME_ENGAGEMENT,1202110000177
2026-09-25,2026-09-25,新互动广告系列-0923-短裤3-1-新,active,点击后 7 天内、浏览后 1 天内或互动观看后 1 天内,1,actions:post_engagement,4033,4843,1.20084,124,0.3884,9.910984,50,使用广告系列预算,48.0,6,3,1,2,50.55,1.05,,,OUTCOME_ENGAGEMENT,1202110000177
2026-09-26,2026-09-26,新互动广告系列-0923-短裤3-1-新,active,点击后 7 天内、浏览后 1 天内或互动观看后 1 天内,0,actions:post_engagement,3327,4057,1.219175,101,0.4979,12.404138,50,使用广告系列预算,50.32,4,2,0,1,0.0,0.0,,,OUTCOME_ENGAGEMENT,1202110000177
2026-09-27,2026-09-27,新互动广告系列-0923-短裤3-1-新,active,点击后 7 天内、浏览后 1 天内或互动观看后 1 天内,0,actions:post_engagement,3545,4385,1.236818,107,0.4511,10.962193,50,使用广告系列预算,48.07,4,1,0,1,0.0,0.0,,,OUTCOME_ENGAGEMENT,1202110000177
2026-09-23,2026-09-23,新互动广告系列-0923-背心1-1-新,active,点击后 7 天内、浏览后 1 天内或互动观看后 1 天内,1,actions:post_engagement,2252,2791,1.239135,54,0.4822,9.318397,25,使用广告组预算,26.01,4,2,1,1,44.9,1.73,,,OUTCOME_ENGAGEMENT,1202110000223
2026-09-24,2026-09-24,新互动广告系列-0923-背心1-1-新,active,点击后 7 天内、浏览后 1 天内或互动观看后 1 天内,0,actions:post_engagement,2174,2697,1.240438,52,0.5058,9.752518,25,使用广告组预算,26.3,3,1,0,1,0.0,0.0,,,OUTCOME_ENGAGEMENT,1202110000223
2026-09-25,2026-09-25,新互动广告系列-0923-背心1-1-新,active,点击后 7 天内、浏览后 1 天内或互动观看后 1 天内,0,actions:post_engagement,2271,2820,1.241748,54,0.4665,8.973633,25,使用广告组预算,25.3,3,1,0,1,0.0,0.0,,,OUTCOME_ENGAGEMENT,1202110000223
2026-09-26,2026-09-26,新互动广告系列-0923-背心1-1-新,active,点击后 7 天内、浏览后 1 天内或互动观看后 1 天内,1,actions:post_engagement,1978,2458,1.243003,47,0.5305,10.181839,25,使用广告组预算,25.03,3,2,1,1,40.84,1.63,,,OUTCOME_ENGAGEMENT,1202110000223
2026-09-27,2026-09-27,新互动广告系列-0923-背心1-1-新,active,点击后 7 天内、浏览后 1 天内或互动观看后 1 天内,0,actions:post_engagement,2103,2616,1.244212,50,0.4947,9.47313,25,使用广告组预算,24.78,3,1,0,0,0.0,0.0,,,OUTCOME_ENGAGEMENT,1202110000223
2026-09-23,2026-09-23,新互动广告系列-0923-衬衫1-1-新,active,点击后 7 天内、浏览后 1 天内或互动观看后 1 天内,0,actions:post_engagement,3372,4001,1.186424,71,0.6809,12.124117,50,使用广告组预算,48.51,3,1,0,1,0.0,0.0,,,OUTCOME_ENGAGEMENT,1202110000168
2026-09-24,2026-09-24,新互动广告系列-0923-衬衫1-1-新,active,点击后 7 天内、浏览后 1 天内或互动观看后 1 天内,0,actions:post_engagement,3857,4594,1.191192,81,0.6389,11.224292,50,使用广告组预算,51.57,3,1,0,1,0.0,0.0,,,OUTCOME_ENGAGEMENT,1202110000168
2026-09-25,2026-09-25,新互动广告系列-0923-衬衫1-1-新,active,点击后 7 天内、浏览后 1 天内或互动观看后 1 天内,1,actions:post_engagement,3202,3829,1.195883,66,0.7286,12.633134,50,使用广告组预算,48.37,3,2,1,1,53.68,1.11,,,OUTCOME_ENGAGEMENT,1202110000168
2026-09-26,2026-09-26,新互动广告系列-0923-衬衫1-1-新,active,点击后 7 天内、浏览后 1 天内或互动观看后 1 天内,1,actions:post_engagement,3750,4502,1.200541,77,0.6444,11.021831,50,使用广告组预算,49.62,3,2,1,1,58.22,1.17,,,OUTCOME_ENGAGEMENT,1202110000168
2026-09-27,2026-09-27,新互动广告系列-0923-衬衫1-1-新,active,点击后 7 天内、浏览后 1 天内或互动观看后 1 天内,0,actions:post_engagement,3293,3969,1.205296,67,0.7425,12.528531,50,使用广告组预算,49.73,3,1,0,1,0.0,0.0,,,OUTCOME_ENGAGEMENT,1202110000168
2026-09-23,2026-09-23,新互动广告系列-0923-衬衫2-1-新,active,点击后 7 天内、浏览后 1 天内或互动观看后 1 天内,0,actions:post_engagement,1707,2144,1.256068,44,0.6861,14.098138,30,使用广告组预算,30.22,2,1,0,0,0.0,0.0,,,OUTCOME_ENGAGEMENT,1202110000170
2026-09-24,2026-09-24,新互动广告系列-0923-衬衫2-1-新,active,点击后 7 天内、浏览后 1 天内或互动观看后 1 天内,1,actions:post_engagement,1873,2357,1.258364,47,0.622,12.48247,30,使用广告组预算,29.43,3,1,1,1,57.57,1.96,,,OUTCOME_ENGAGEMENT,1202110000170
2026-09-25,2026-09-25,新互动广告系列-0923-衬衫2-1-新,active,点击后 7 天内、浏览后 1 天内或互动观看后 1 天内,1,actions:post_engagement,1825,2301,1.260744,45,0.6762,13.245766,30,使用广告组预算,30.48,2,1,1,1,57.78,1.9,,,OUTCOME_ENGAGEMENT,1202110000170
2026-09-26,2026-09-26,新互动广告系列-0923-衬衫2-1-新,active,点击后 7 天内、浏览后 1 天内或互动观看后 1 天内,1,actions:post_engagement,1784,2254,1.263076,43,0.6993,13.365616,30,使用广告组预算,30.12,3,2,1,1,48.75,1.62,,,OUTCOME_ENGAGEMENT,1202110000170
2026-09-27,2026-09-27,新互动广告系列-0923-衬衫2-1-新,active,点击后 7 天内、浏览后 1 天内或互动观看后 1 天内,1,actions:post_engagement,1853,2345,1.265434,44,0.6741,12.560799,30,使用广告组预算,29.45,2,1,1,1,69.68,2.37,,,OUTCOME_ENGAGEMENT,1202110000170
2026-09-23,2026-09-23,新互动广告系列-0923-袜子2-1-新,active,点击后 7 天内、浏览后 1 天内或互动观看后 1 天内,1,actions:post_engagement,1099,1318,1.199452,40,0.2637,7.997337,10,使用广告组预算,10.54,3,2,1,1,26.66,2.53,,,OUTCOME_ENGAGEMENT,1202110000185
2026-09-24,2026-09-24,新互动广告系列-0923-袜子2-1-新,active,点击后 7 天内、浏览后 1 天内或互动观看后 1 天内,0,actions:post_engagement,990,1190,1.201907,36,0.2808,8.477013,10,使用广告组预算,10.09,2,1,0,1,0.0,0.0,,,OUTCOME_ENGAGEMENT,1202110000185
2026-09-25,2026-09-25,新互动广告系列-0923-袜子2-1-新,active,点击后 7 天内、浏览后 1 天内或互动观看后 1 天内,0,actions:post_engagement,981,1182,1.204233,35,0.2797,8.401031,10,使用广告组预算,9.93,2,1,0,1,0.0,0.0,,,OUTCOME_ENGAGEMENT,1202110000185
2026-09-26,2026-09-26,新互动广告系列-0923-袜子2-1-新,active,点击后 7 天内、浏览后 1 天内或互动观看后 1 天内,0,actions:post_engagement,1016,1226,1.206599,37,0.2861,8.55183,10,使用广告组预算,10.49,2,1,0,1,0.0,0.0,,,OUTCOME_ENGAGEMENT,1202110000185
2026-09-27,2026-09-27,新互动广告系列-0923-袜子2-1-新,active,点击后 7 天内、浏览后 1 天内或互动观看后 1 天内,0,actions:post_engagement,940,1136,1.208925,34,0.2789,8.296751,10,使用广告组预算,9.43,2,1,0,1,0.0,0.0,,,OUTCOME_ENGAGEMENT,1202110000185
2026-09-23,2026-09-23,新互动广告系列-0923-西装1-1-新 - 广告副本,active,点击后 7 天内、浏览后 1 天内或互动观看后 1 天内,1,actions:post_engagement,2258,2487,1.101506,40,0.9192,14.712957,50,使用广告系列预算,36.59,1,1,1,1,180.16,4.92,,,OUTCOME_ENGAGEMENT,1202110000204
2026-09-24,2026-09-24,新互动广告系列-0923-西装1-1-新 - 广告副本,active,点击后 7 天内、浏览后 1 天内或互动观看后 1 天内,0,actions:post_engagement,1804,1988,1.102071,31,1.1475,18.138781,50,使用广告系列预算,36.06,1,0,0,0,0.0,0.0,,,OUTCOME_ENGAGEMENT,1202110000204
2026-09-25,2026-09-25,新互动广告系列-0923-西装1-1-新 - 广告副本,active,点击后 7 天内、浏览后 1 天内或互动观看后 1 天内,0,actions:post_engagement,1840,2029,1.102578,32,1.0781,16.827312,50,使用广告系列预算,34.14,1,0,0,0,0.0,0.0,,,OUTCOME_ENGAGEMENT,1202110000204
2026-09-26,2026-09-26,新互动广告系列-0923-西装1-1-新 - 广告副本,active,点击后 7 天内、浏览后 1 天内或互动观看后 1 天内,0,actions:post_engagement,2072,2286,1.103123,35,0.9741,15.009981,50,使用广告系列预算,34.31,1,0,0,0,0.0,0.0,,,OUTCOME_ENGAGEMENT,1202110000204
2026-09-27,2026-09-27,新互动广告系列-0923-西装1-1-新 - 广告副本,active,点击后 7 天内、浏览后 1 天内或互动观看后 1 天内,0,actions:post_engagement,1929,2129,1.103681,32,1.1155,16.967513,50,使用广告系列预算,36.12,1,0,0,0,0.0,0.0,,,OUTCOME_ENGAGEMENT,1202110000204
2026-09-23,2026-09-23,新互动广告系列-0923-运动裤1-1-新 - 广告副本,active,点击后 7 天内、浏览后 1 天内或互动观看后 1 天内,0,actions:post_engagement,3114,3684,1.182879,89,0.4488,10.820024,40,使用广告组预算,39.86,4,2,0,1,0.0,0.0,,,OUTCOME_ENGAGEMENT,1202110000219
2026-09-24,2026-09-24,新互动广告系列-0923-运动裤1-1-新 - 广告副本,active,点击后 7 天内、浏览后 1 天内或互动观看后 1 天内,0,actions:post_engagement,2857,3474,1.216008,83,0.4466,10.609917,40,使用广告组预算,36.86,4,2,0,1,0.0,0.0,,,OUTCOME_ENGAGEMENT,1202110000219
2026-09-25,2026-09-25,新互动广告系列-0923-运动裤1-1-新 - 广告副本,active,点击后 7 天内、浏览后 1 天内或互动观看后 1 天内,0,actions:post_engagement,2688,3356,1.248483,79,0.4883,11.438001,40,使用广告组预算,38.38,4,1,0,1,0.0,0.0,,,OUTCOME_ENGAGEMENT,1202110000219
2026-09-26,2026-09-26,新互动广告系列-0923-运动裤1-1-新 - 广告副本,active,点击后 7 天内、浏览后 1 天内或互动观看后 1 天内,1,actions:post_engagement,2513,3218,1.280559,74,0.5046,11.659642,40,使用广告组预算,37.52,4,2,1,1,77.27,2.06,,,OUTCOME_ENGAGEMENT,1202110000219
2026-09-27,2026-09-27,新互动广告系列-0923-运动裤1-1-新 - 广告副本,active,点击后 7 天内、浏览后 1 天内或互动观看后 1 天内,0,actions:post_engagement,2853,3752,1.315456,85,0.4612,10.496677,40,使用广告组预算,39.39,4,2,0,1,0.0,0.0,,,OUTCOME_ENGAGEMENT,1202110000219
2026-09-23,2026-09-23,新互动广告系列-0923-连衣裙2-1-新 - 广告副本,active,点击后 7 天内、浏览后 1 天内或互动观看后 1 天内,1,actions:post_engagement,1725,2154,1.248766,66,0.4671,14.263265,30,使用广告系列预算,30.72,4,2,1,1,75.55,2.46,,,OUTCOME_ENGAGEMENT,1202110000161
2026-09-24,2026-09-24,新互动广告系列-0923-连衣裙2-1-新 - 广告副本,active,点击后 7 天内、浏览后 1 天内或互动观看后 1 天内,1,actions:post_engagement,1904,2400,1.260366,72,0.4132,12.324783,30,使用广告系列预算,29.58,4,2,1,1,102.72,3.47,,,OUTCOME_ENGAGEMENT,1202110000161
2026-09-25,2026-09-25,新互动广告系列-0923-连衣裙2-1-新 - 广告副本,active,点击后 7 天内、浏览后 1 天内或互动观看后 1 天内,0,actions:post_engagement,1617,2056,1.271824,60,0.4683,13.652404,30,使用广告系列预算,28.07,3,1,0,0,0.0,0.0,,,OUTCOME_ENGAGEMENT,1202110000161
2026-09-26,2026-09-26,新互动广告系列-0923-连衣裙2-1-新 - 广告副本,active,点击后 7 天内、浏览后 1 天内或互动观看后 1 天内,0,actions:post_engagement,1911,2453,1.283522,70,0.4203,11.960754,30,使用广告系列预算,29.35,3,1,0,0,0.0,0.0,,,OUTCOME_ENGAGEMENT,1202110000161
2026-09-27,2026-09-27,新互动广告系列-0923-连衣裙2-1-新 - 广告副本,active,点击后 7 天内、浏览后 1 天内或互动观看后 1 天内,0,actions:post_engagement,1886,2445,1.296353,68,0.451,12.524776,30,使用广告系列预算,30.62,3,1,0,1,0.0,0.0,,,OUTCOME_ENGAGEMENT,1202110000161
2026-09-23,2026-09-23,新互动广告系列-0923-长裤1-1-新,active,点击后 7 天内、浏览后 1 天内或互动观看后 1 天内,0,actions:post_engagement,1157,1434,1.239722,35,0.556,13.638465,20,使用广告组预算,19.56,1,1,0,0,0.0,0.0,,,OUTCOME_ENGAGEMENT,1202110000148
2026-09-24,2026-09-24,新互动广告系列-0923-长裤1-1-新,active,点击后 7 天内、浏览后 1 天内或互动观看后 1 天内,0,actions:post_engagement,1111,1378,1.240643,34,0.5897,14.349819,20,使用广告组预算,19.77,2,1,0,1,0.0,0.0,,,OUTCOME_ENGAGEMENT,1202110000148
2026-09-25,2026-09-25,新互动广告系列-0923-长裤1-1-新,active,点击后 7 天内、浏览后 1 天内或互动观看后 1 天内,0,actions:post_engagement,1297,1610,1.241623,39,0.5293,12.775714,20,使用广告组预算,20.57,2,1,0,0,0.0,0.0,,,OUTCOME_ENGAGEMENT,1202110000148
2026-09-26,2026-09-26,新互动广告系列-0923-长裤1-1-新,active,点击后 7 天内、浏览后 1 天内或互动观看后 1 天内,1,actions:post_engagement,1119,1391,1.242607,33,0.5743,13.748155,20,使用广告组预算,19.12,2,1,1,1,63.86,3.34,,,OUTCOME_ENGAGEMENT,1202110000148
2026-09-27,2026-09-27,新互动广告系列-0923-长裤1-1-新,active,点击后 7 天内、浏览后 1 天内或互动观看后 1 天内,0,actions:post_engagement,1172,1458,1.243543,35,0.5775,13.712217,20,使用广告组预算,19.99,1,1,0,0,0.0,0.0,,,OUTCOME_ENGAGEMENT,1202110000148
2026-09-23,2026-09-23,新互动广告系列-0923-长裤2-1-新,active,点击后 7 天内、浏览后 1 天内或互动观看后 1 天内,0,actions:post_engagement,1365,1568,1.148122,35,0.5896,13.13982,20,使用广告系列预算,20.6,2,1,0,1,0.0,0.0,,,OUTCOME_ENGAGEMENT,1202110000150
2026-09-24,2026-09-24,新互动广告系列-0923-长裤2-1-新,active,点击后 7 天内、浏览后 1 天内或互动观看后 1 天内,0,actions:post_engagement,1295,1487,1.148569,33,0.5636,12.435394,20,使用广告系列预算,18.49,2,1,0,0,0.0,0.0,,,OUTCOME_ENGAGEMENT,1202110000150
2026-09-25,2026-09-25,新互动广告系列-0923-长裤2-1-新,active,点击后 7 天内、浏览后 1 天内或互动观看后 1 天内,0,actions:post_engagement,1114,1280,1.148975,28,0.6978,15.245879,20,使用广告系列预算,19.51,1,1,0,0,0.0,0.0,,,OUTCOME_ENGAGEMENT,1202110000150
2026-09-26,2026-09-26,新互动广告系列-0923-长裤2-1-新,active,点击后 7 天内、浏览后 1 天内或互动观看后 1 天内,0,actions:post_engagement,1337,1537,1.149387,33,0.6158,13.318455,20,使用广告系列预算,20.47,1,0,0,0,0.0,0.0,,,OUTCOME_ENGAGEMENT,1202110000150
2026-09-27,2026-09-27,新互动广告系列-0923-长裤2-1-新,active,点击后 7 天内、浏览后 1 天内或互动观看后 1 天内,1,actions:post_engagement,1303,1499,1.149832,32,0.6488,13.889217,20,使用广告系列预算,20.82,2,1,1,1,63.37,3.04,,,OUTCOME_ENGAGEMENT,1202110000150
2026-09-23,2026-09-23,新互动广告系列-0923-风衣2-1-新 - 广告副本,active,点击后 7 天内、浏览后 1 天内或互动观看后 1 天内,0,actions:post_engagement,1278,1398,1.093947,20,0.9751,14.122343,20,使用广告组预算,19.74,0,0,0,0,0.0,0.0,,,OUTCOME_ENGAGEMENT,1202110000211
2026-09-24,2026-09-24,新互动广告系列-0923-风衣2-1-新 - 广告副本,active,点击后 7 天内、浏览后 1 天内或互动观看后 1 天内,0,actions:post_engagement,1167,1300,1.113601,18,1.0135,14.235026,20,使用广告组预算,18.5,1,0,0,0,0.0,0.0,,,OUTCOME_ENGAGEMENT,1202110000211
2026-09-25,2026-09-25,新互动广告系列-0923-风衣2-1-新 - 广告副本,active,点击后 7 天内、浏览后 1 天内或互动观看后 1 天内,0,actions:post_engagement,1144,1295,1.13284,18,1.1276,15.350747,20,使用广告组预算,19.89,1,1,0,0,0.0,0.0,,,OUTCOME_ENGAGEMENT,1202110000211
2026-09-26,2026-09-26,新互动广告系列-0923-风衣2-1-新 - 广告副本,active,点击后 7 天内、浏览后 1 天内或互动观看后 1 天内,0,actions:post_engagement,1237,1427,1.153376,19,1.0435,13.75346,20,使用广告组预算,19.62,1,1,0,0,0.0,0.0,,,OUTCOME_ENGAGEMENT,1202110000211
2026-09-27,2026-09-27,新互动广告系列-0923-风衣2-1-新 - 广告副本,active,点击后 7 天内、浏览后 1 天内或互动观看后 1 天内,0,actions:post_engagement,1108,1301,1.17433,17,1.1801,15.060388,20,使用广告组预算,19.59,1,0,0,0,0.0,0.0,,,OUTCOME_ENGAGEMENT,1202110000211
2026-09-23,2026-09-23,新流量广告系列-0923-内衣1-1-新,active,点击后 7 天内、浏览后 1 天内或互动观看后 1 天内,1,actions:link_click,1752,1826,1.041988,39,0.5129,10.931353,20,使用广告系列预算,19.96,3,1,1,1,41.28,2.07,,,OUTCOME_TRAFFIC,1202110000188
2026-09-24,2026-09-24,新流量广告系列-0923-内衣1-1-新,active,点击后 7 天内、浏览后 1 天内或互动观看后 1 天内,0,actions:link_click,1552,1619,1.043719,34,0.5775,12.134736,20,使用广告系列预算,19.65,2,1,0,0,0.0,0.0,,,OUTCOME_TRAFFIC,1202110000188
2026-09-25,2026-09-25,新流量广告系列-0923-内衣1-1-新,active,点击后 7 天内、浏览后 1 天内或互动观看后 1 天内,1,actions:link_click,1533,1602,1.04534,33,0.6083,12.600524,20,使用广告系列预算,20.19,2,1,1,1,52.45,2.6,,,OUTCOME_TRAFFIC,1202110000188
2026-09-26,2026-09-26,新流量广告系列-0923-内衣1-1-新,active,点击后 7 天内、浏览后 1 天内或互动观看后 1 天内,0,actions:link_click,1479,1549,1.046929,32,0.6384,13.033488,20,使用广告系列预算,20.19,2,1,0,0,0.0,0.0,,,OUTCOME_TRAFFIC,1202110000188
2026-09-27,2026-09-27,新流量广告系列-0923-内衣1-1-新,active,点击后 7 天内、浏览后 1 天内或互动观看后 1 天内,0,actions:link_click,1651,1731,1.048585,35,0.5898,11.864787,20,使用广告系列预算,20.54,2,1,0,0,0.0,0.0,,,OUTCOME_TRAFFIC,1202110000188
2026-09-23,2026-09-23,新流量广告系列-0923-半身裙2-1-新,active,点击后 7 天内、浏览后 1 天内或互动观看后 1 天内,0,actions:link_click,1409,1633,1.158967,42,0.4374,11.353325,20,使用广告系列预算,18.54,2,1,0,0,0.0,0.0,,,OUTCOME_TRAFFIC,1202110000215
2026-09-24,2026-09-24,新流量广告系列-0923-半身裙2-1-新,active,点击后 7 天内、浏览后 1 天内或互动观看后 1 天内,1,actions:link_click,1350,1568,1.161415,40,0.5158,13.308887,20,使用广告系列预算,20.86,3,2,1,1,73.88,3.54,,,OUTCOME_TRAFFIC,1202110000215
2026-09-25,2026-09-25,新流量广告系列-0923-半身裙2-1-新,active,点击后 7 天内、浏览后 1 天内或互动观看后 1 天内,0,actions:link_click,1464,1704,1.163923,44,0.445,11.414339,20,使用广告系列预算,19.45,2,1,0,0,0.0,0.0,,,OUTCOME_TRAFFIC,1202110000215
2026-09-26,2026-09-26,新流量广告系列-0923-半身裙2-1-新,active,点击后 7 天内、浏览后 1 天内或互动观看后 1 天内,0,actions:link_click,1529,1783,1.166603,45,0.4717,12.027523,20,使用广告系列预算,21.45,2,1,0,0,0.0,0.0,,,OUTCOME_TRAFFIC,1202110000215
2026-09-27,2026-09-27,新流量广告系列-0923-半身裙2-1-新,active,点击后 7 天内、浏览后 1 天内或互动观看后 1 天内,1,actions:link_click,1295,1514,1.169142,38,0.472,11.965058,20,使用广告系列预算,18.11,2,1,1,1,79.71,4.4,,,OUTCOME_TRAFFIC,1202110000215
2026-09-23,2026-09-23,新流量广告系列-0923-短袖T恤2-1-新 - 广告副本,active,点击后 7 天内、浏览后 1 天内或互动观看后 1 天内,0,actions:link_click,1940,2159,1.112635,60,0.4318,11.942219,25,使用广告组预算,25.78,3,1,0,1,0.0,0.0,,,OUTCOME_TRAFFIC,1202110000141
2026-09-24,2026-09-24,新流量广告系列-0923-短袖T恤2-1-新 - 广告副本,active,点击后 7 天内、浏览后 1 天内或互动观看后 1 天内,0,actions:link_click,1718,1976,1.150148,53,0.4814,12.809904,25,使用广告组预算,25.31,2,1,0,0,0.0,0.0,,,OUTCOME_TRAFFIC,1202110000141
2026-09-25,2026-09-25,新流量广告系列-0923-短袖T恤2-1-新 - 广告副本,active,点击后 7 天内、浏览后 1 天内或互动观看后 1 天内,0,actions:link_click,1936,2304,1.190291,59,0.4304,10.989767,25,使用广告组预算,25.33,3,1,0,0,0.0,0.0,,,OUTCOME_TRAFFIC,1202110000141
2026-09-26,2026-09-26,新流量广告系列-0923-短袖T恤2-1-新 - 广告副本,active,点击后 7 天内、浏览后 1 天内或互动观看后 1 天内,1,actions:link_click,1676,2066,1.232765,51,0.5018,12.309555,25,使用广告组预算,25.44,3,1,1,1,49.4,1.94,,,OUTCOME_TRAFFIC,1202110000141
2026-09-27,2026-09-27,新流量广告系列-0923-短袖T恤2-1-新 - 广告副本,active,点击后 7 天内、浏览后 1 天内或互动观看后 1 天内,0,actions:link_click,1510,1922,1.272833,45,0.556,13.111167,25,使用广告组预算,25.19,2,1,0,0,0.0,0.0,,,OUTCOME_TRAFFIC,1202110000141
2026-09-23,2026-09-23,新流量广告系列-0923-短裤1-1-新 - 广告副本,active,点击后 7 天内、浏览后 1 天内或互动观看后 1 天内,0,actions:link_click,824,990,1.200392,21,0.5068,10.607379,30,使用广告组预算,10.5,1,1,0,1,0.0,0.0,,,OUTCOME_TRAFFIC,1202110000174
2026-09-24,2026-09-24,新流量广告系列-0923-短裤1-1-新 - 广告副本,active,点击后 7 天内、浏览后 1 天内或互动观看后 1 天内,0,actions:link_click,798,959,1.200836,20,0.5217,10.897695,30,使用广告组预算,10.45,1,1,0,1,0.0,0.0,,,OUTCOME_TRAFFIC,1202110000174
2026-09-25,2026-09-25,新流量广告系列-0923-短裤1-1-新 - 广告副本,active,点击后 7 天内、浏览后 1 天内或互动观看后 1 天内,0,actions:link_click,743,893,1.201259,19,0.5529,11.526865,30,使用广告组预算,10.29,1,1,0,0,0.0,0.0,,,OUTCOME_TRAFFIC,1202110000174
2026-09-26,2026-09-26,新流量广告系列-0923-短裤1-1-新 - 广告副本,active,点击后 7 天内、浏览后 1 天内或互动观看后 1 天内,0,actions:link_click,763,917,1.201672,19,0.5519,11.484825,30,使用广告组预算,10.53,1,0,0,0,0.0,0.0,,,OUTCOME_TRAFFIC,1202110000174
2026-09-27,2026-09-27,新流量广告系列-0923-短裤1-1-新 - 广告副本,active,点击后 7 天内、浏览后 1 天内或互动观看后 1 天内,0,actions:link_click,833,1002,1.20211,21,0.5274,10.953645,30,使用广告组预算,10.97,1,0,0,0,0.0,0.0,,,OUTCOME_TRAFFIC,1202110000174
2026-09-23,2026-09-23,新流量广告系列-0923-羽绒服1-1-新 - 广告副本,active,点击后 7 天内、浏览后 1 天内或互动观看后 1 天内,0,actions:link_click,931,1006,1.079791,18,0.9322,17.092161,20,使用广告组预算,17.19,1,0,0,0,0.0,0.0,,,OUTCOME_TRAFFIC,1202110000199
2026-09-24,2026-09-24,新流量广告系列-0923-羽绒服1-1-新 - 广告副本,active,点击后 7 天内、浏览后 1 天内或互动观看后 1 天内,0,actions:link_click,923,998,1.081284,18,0.9629,17.555053,20,使用广告组预算,17.52,0,0,0,0,0.0,0.0,,,OUTCOME_TRAFFIC,1202110000199
2026-09-25,2026-09-25,新流量广告系列-0923-羽绒服1-1-新 - 广告副本,active,点击后 7 天内、浏览后 1 天内或互动观看后 1 天内,0,actions:link_click,824,893,1.082694,16,0.9656,17.506702,20,使用广告组预算,15.63,1,0,0,0,0.0,0.0,,,OUTCOME_TRAFFIC,1202110000199
2026-09-26,2026-09-26,新流量广告系列-0923-羽绒服1-1-新 - 广告副本,active,点击后 7 天内、浏览后 1 天内或互动观看后 1 天内,1,actions:link_click,970,1052,1.084147,19,0.9207,16.598686,20,使用广告组预算,17.46,1,1,1,1,157.38,9.01,,,OUTCOME_TRAFFIC,1202110000199
2026-09-27,2026-09-27,新流量广告系列-0923-羽绒服1-1-新 - 广告副本,active,点击后 7 天内、浏览后 1 天内或互动观看后 1 天内,0,actions:link_click,743,807,1.085537,14,1.0819,19.397661,20,使用广告组预算,15.65,0,0,0,0,0.0,0.0,,,OUTCOME_TRAFFIC,1202110000199
2026-09-23,2026-09-23,新流量广告系列-0923-羽绒服3-1-新,active,点击后 7 天内、浏览后 1 天内或互动观看后 1 天内,0,actions:link_click,960,1202,1.251875,25,0.7812,16.056775,20,使用广告系列预算,19.3,1,0,0,0,0.0,0.0,,,OUTCOME_TRAFFIC,1202110000202
2026-09-24,2026-09-24,新流量广告系列-0923-羽绒服3-1-新,active,点击后 7 天内、浏览后 1 天内或互动观看后 1 天内,0,actions:link_click,936,1192,1.273477,24,0.8219,16.398174,20,使用广告系列预算,19.55,0,0,0,0,0.0,0.0,,,OUTCOME_TRAFFIC,1202110000202
2026-09-25,2026-09-25,新流量广告系列-0923-羽绒服3-1-新,active,点击后 7 天内、浏览后 1 天内或互动观看后 1 天内,0,actions:link_click,856,1108,1.294588,21,0.9521,18.44409,20,使用广告系列预算,20.44,1,0,0,0,0.0,0.0,,,OUTCOME_TRAFFIC,1202110000202
2026-09-26,2026-09-26,新流量广告系列-0923-羽绒服3-1-新,active,点击后 7 天内、浏览后 1 天内或互动观看后 1 天内,0,actions:link_click,866,1139,1.315547,21,0.9264,17.41316,20,使用广告系列预算,19.84,1,0,0,0,0.0,0.0,,,OUTCOME_TRAFFIC,1202110000202
2026-09-27,2026-09-27,新流量广告系列-0923-羽绒服3-1-新,active,点击后 7 天内、浏览后 1 天内或互动观看后 1 天内,0,actions:link_click,738,986,1.335683,18,1.0668,19.464433,20,使用广告系列预算,19.2,1,0,0,0,0.0,0.0,,,OUTCOME_TRAFFIC,1202110000202
2026-09-23,2026-09-23,新流量广告系列-0923-背心3-1-新,active,点击后 7 天内、浏览后 1 天内或互动观看后 1 天内,0,actions:link_click,1734,2127,1.226484,48,0.4147,9.322633,20,使用广告系列预算,19.83,3,1,0,1,0.0,0.0,,,OUTCOME_TRAFFIC,1202110000227
2026-09-24,2026-09-24,新流量广告系列-0923-背心3-1-新,active,点击后 7 天内、浏览后 1 天内或互动观看后 1 天内,1,actions:link_click,1581,1940,1.227442,43,0.4587,10.052399,20,使用广告系列预算,19.5,3,1,1,1,37.16,1.91,,,OUTCOME_TRAFFIC,1202110000227
2026-09-25,2026-09-25,新流量广告系列-0923-背心3-1-新,active,点击后 7 天内、浏览后 1 天内或互动观看后 1 天内,1,actions:link_click,1724,2118,1.228398,45,0.4452,9.505855,20,使用广告系列预算,20.13,3,2,1,1,30.75,1.53,,,OUTCOME_TRAFFIC,1202110000227
2026-09-26,2026-09-26,新流量广告系列-0923-背心3-1-新,active,点击后 7 天内、浏览后 1 天内或互动观看后 1 天内,1,actions:link_click,1833,2253,1.229428,47,0.4358,9.057351,20,使用广告系列预算,20.41,3,1,1,1,37.66,1.85,,,OUTCOME_TRAFFIC,1202110000227
2026-09-27,2026-09-27,新流量广告系列-0923-背心3-1-新,active,点击后 7 天内、浏览后 1 天内或互动观看后 1 天内,1,actions:link_click,1708,2101,1.230456,42,0.4622,9.34429,20,使用广告系列预算,19.63,3,1,1,1,37.46,1.91,,,OUTCOME_TRAFFIC,1202110000227
2026-09-23,2026-09-23,新流量广告系列-0923-袜子3-1-新,active,点击后 7 天内、浏览后 1 天内或互动观看后 1 天内,1,actions:link_click,1227,1508,1.229033,51,0.223,7.475771,15,使用广告系列预算,11.27,4,2,1,1,30.36,2.69,,,OUTCOME_TRAFFIC,1202110000187
2026-09-24,2026-09-24,新流量广告系列-0923-袜子3-1-新,active,点击后 7 天内、浏览后 1 天内或互动观看后 1 天内,1,actions:link_click,1195,1470,1.229951,48,0.2342,7.708389,15,使用广告系列预算,11.33,4,2,1,1,35.34,3.12,,,OUTCOME_TRAFFIC,1202110000187
2026-09-25,2026-09-25,新流量广告系列-0923-袜子3-1-新,active,点击后 7 天内、浏览后 1 天内或互动观看后 1 天内,1,actions:link_click,1275,1570,1.23089,51,0.2486,8.029401,15,使用广告系列预算,12.6,4,2,1,1,32.06,2.54,,,OUTCOME_TRAFFIC,1202110000187
2026-09-26,2026-09-26,新流量广告系列-0923-袜子3-1-新,active,点击后 7 天内、浏览后 1 天内或互动观看后 1 天内,1,actions:link_click,1265,1558,1.231857,49,0.259,8.20917,15,使用广告系列预算,12.79,4,2,1,1,30.42,2.38,,,OUTCOME_TRAFFIC,1202110000187
2026-09-27,2026-09-27,新流量广告系列-0923-袜子3-1-新,active,点击后 7 天内、浏览后 1 天内或互动观看后 1 天内,0,actions:link_click,1111,1369,1.232763,43,0.262,8.142072,15,使用广告系列预算,11.15,3,1,0,0,0.0,0.0,,,OUTCOME_TRAFFIC,1202110000187
2026-09-23,2026-09-23,新流量广告系列-0923-西装1-1-新,active,点击后 7 天内、浏览后 1 天内或互动观看后 1 天内,0,actions:link_click,2531,2799,1.10571,40,1.277,18.057655,50,使用广告系列预算,50.54,1,1,0,1,0.0,0.0,,,OUTCOME_TRAFFIC,1202110000203
2026-09-24,2026-09-24,新流量广告系列-0923-西装1-1-新,active,点击后 7 天内、浏览后 1 天内或互动观看后 1 天内,0,actions:link_click,2771,3072,1.108692,42,1.234,17.044306,50,使用广告系列预算,52.37,1,0,0,0,0.0,0.0,,,OUTCOME_TRAFFIC,1202110000203
2026-09-25,2026-09-25,新流量广告系列-0923-西装1-1-新,active,点击后 7 天内、浏览后 1 天内或互动观看后 1 天内,0,actions:link_click,2751,3058,1.111813,41,1.2171,16.411641,50,使用广告系列预算,50.19,1,0,0,0,0.0,0.0,,,OUTCOME_TRAFFIC,1202110000203
2026-09-26,2026-09-26,新流量广告系列-0923-西装1-1-新,active,点击后 7 天内、浏览后 1 天内或互动观看后 1 天内,0,actions:link_click,2490,2776,1.114792,37,1.37,18.027407,50,使用广告系列预算,50.04,1,1,0,0,0.0,0.0,,,OUTCOME_TRAFFIC,1202110000203
2026-09-27,2026-09-27,新流量广告系列-0923-西装1-1-新,active,点击后 7 天内、浏览后 1 天内或互动观看后 1 天内,0,actions:link_click,2447,2735,1.117613,35,1.426,18.300904,50,使用广告系列预算,50.05,1,0,0,0,0.0,0.0,,,OUTCOME_TRAFFIC,1202110000203
2026-09-23,2026-09-23,新销量广告系列-0923-内衣1-1-新 - 广告副本,active,点击后 7 天内、浏览后 1 天内或互动观看后 1 天内,0,actions:offsite_conversion.fb_pixel_purchase,762,851,1.116706,17,0.5962,11.915054,10,使用广告组预算,10.13,1,1,0,0,0.0,0.0,,,OUTCOME_SALES,1202110000189
2026-09-24,2026-09-24,新销量广告系列-0923-内衣1-1-新 - 广告副本,active,点击后 7 天内、浏览后 1 天内或互动观看后 1 天内,0,actions:offsite_conversion.fb_pixel_purchase,699,781,1.117578,15,0.6351,12.5281,10,使用广告组预算,9.79,1,0,0,0,0.0,0.0,,,OUTCOME_SALES,1202110000189
2026-09-25,2026-09-25,新销量广告系列-0923-内衣1-1-新 - 广告副本,active,点击后 7 天内、浏览后 1 天内或互动观看后 1 天内,0,actions:offsite_conversion.fb_pixel_purchase,706,790,1.118417,15,0.6528,12.70967,10,使用广告组预算,10.04,1,1,0,0,0.0,0.0,,,OUTCOME_SALES,1202110000189
2026-09-26,2026-09-26,新销量广告系列-0923-内衣1-1-新 - 广告副本,active,点击后 7 天内、浏览后 1 天内或互动观看后 1 天内,0,actions:offsite_conversion.fb_pixel_purchase,736,824,1.119281,16,0.6211,11.931846,10,使用广告组预算,9.84,1,0,0,0,0.0,0.0,,,OUTCOME_SALES,1202110000189
2026-09-27,2026-09-27,新销量广告系列-0923-内衣1-1-新 - 广告副本,active,点击后 7 天内、浏览后 1 天内或互动观看后 1 天内,0,actions:offsite_conversion.fb_pixel_purchase,690,773,1.120135,15,0.6529,12.376118,10,使用广告组预算,9.56,1,1,0,0,0.0,0.0,,,OUTCOME_SALES,1202110000189
2026-09-23,2026-09-23,新销量广告系列-0923-内衣2-1-新 - 广告副本,active,点击后 7 天内、浏览后 1 天内或互动观看后 1 天内,0,actions:offsite_conversion.fb_pixel_purchase,841,934,1.111432,17,0.5669,10.458643,15,使用广告系列预算,9.77,1,0,0,0,0.0,0.0,,,OUTCOME_SALES,1202110000191
2026-09-24,2026-09-24,新销量广告系列-0923-内衣2-1-新 - 广告副本,active,点击后 7 天内、浏览后 1 天内或互动观看后 1 天内,0,actions:offsite_conversion.fb_pixel_purchase,806,896,1.111874,16,0.625,11.38392,15,使用广告系列预算,10.2,1,0,0,0,0.0,0.0,,,OUTCOME_SALES,1202110000191
2026-09-25,2026-09-25,新销量广告系列-0923-内衣2-1-新 - 广告副本,active,点击后 7 天内、浏览后 1 天内或互动观看后 1 天内,0,actions:offsite_conversion.fb_pixel_purchase,810,901,1.112307,16,0.5727,10.297333,15,使用广告系列预算,9.27,1,1,0,0,0.0,0.0,,,OUTCOME_SALES,1202110000191
2026-09-26,2026-09-26,新销量广告系列-0923-内衣2-1-新 - 广告副本,active,点击后 7 天内、浏览后 1 天内或互动观看后 1 天内,0,actions:offsite_conversion.fb_pixel_purchase,657,731,1.112701,13,0.6765,12.004652,15,使用广告系列预算,8.78,1,1,0,0,0.0,0.0,,,OUTCOME_SALES,1202110000191
2026-09-27,2026-09-27,新销量广告系列-0923-内衣2-1-新 - 广告副本,active,点击后 7 天内、浏览后 1 天内或互动观看后 1 天内,1,actions:offsite_conversion.fb_pixel_purchase,759,844,1.113082,15,0.6245,10.936069,15,使用广告系列预算,9.23,1,1,1,1,56.18,6.08,,,OUTCOME_SALES,1202110000191
2026-09-23,2026-09-23,新销量广告系列-0923-半身裙1-1-新,active,点击后 7 天内、浏览后 1 天内或互动观看后 1 天内,0,actions:offsite_conversion.fb_pixel_purchase,1834,2117,1.154573,43,0.6114,12.463421,25,使用广告组预算,26.38,2,1,0,0,0.0,0.0,,,OUTCOME_SALES,1202110000213
2026-09-24,2026-09-24,新销量广告系列-0923-半身裙1-1-新,active,点击后 7 天内、浏览后 1 天内或互动观看后 1 天内,1,actions:offsite_conversion.fb_pixel_purchase,1557,1809,1.162006,36,0.6811,13.626195,25,使用广告组预算,24.65,2,1,1,1,69.73,2.83,,,OUTCOME_SALES,1202110000213
2026-09-25,2026-09-25,新销量广告系列-0923-半身裙1-1-新,active,点击后 7 天内、浏览后 1 天内或互动观看后 1 天内,1,actions:offsite_conversion.fb_pixel_purchase,1569,1835,1.168946,36,0.7107,13.95202,25,使用广告组预算,25.6,3,1,1,1,64.79,2.53,,,OUTCOME_SALES,1202110000213
2026-09-26,2026-09-26,新销量广告系列-0923-半身裙1-1-新,active,点击后 7 天内、浏览后 1 天内或互动观看后 1 天内,1,actions:offsite_conversion.fb_pixel_purchase,1391,1635,1.175593,31,0.7842,15.106416,25,使用广告组预算,24.7,2,1,1,1,57.95,2.35,,,OUTCOME_SALES,1202110000213
2026-09-27,2026-09-27,新销量广告系列-0923-半身裙1-1-新,active,点击后 7 天内、浏览后 1 天内或互动观看后 1 天内,0,actions:offsite_conversion.fb_pixel_purchase,1621,1916,1.182435,36,0.7239,13.673889,25,使用广告组预算,26.21,2,1,0,0,0.0,0.0,,,OUTCOME_SALES,1202110000213
2026-09-23,2026-09-23,新销量广告系列-0923-半身裙1-1-新 - 广告副本,active,点击后 7 天内、浏览后 1 天内或互动观看后 1 天内,1,actions:offsite_conversion.fb_pixel_purchase,2860,3212,1.123108,66,0.6116,12.573171,40,使用广告系列预算,40.39,5,2,1,1,101.51,2.51,,,OUTCOME_SALES,1202110000214
2026-09-24,2026-09-24,新销量广告系列-0923-半身裙1-1-新 - 广告副本,active,点击后 7 天内、浏览后 1 天内或互动观看后 1 天内,1,actions:offsite_conversion.fb_pixel_purchase,2928,3389,1.157724,67,0.5973,11.875384,40,使用广告系列预算,40.25,6,2,1,2,100.12,2.49,,,OUTCOME_SALES,1202110000214
2026-09-25,2026-09-25,新销量广告系列-0923-半身裙1-1-新 - 广告副本,active,点击后 7 天内、浏览后 1 天内或互动观看后 1 天内,1,actions:offsite_conversion.fb_pixel_purchase,2558,3050,1.192533,59,0.6893,13.272163,40,使用广告系列预算,40.49,4,1,1,1,88.4,2.18,,,OUTCOME_SALES,1202110000214
2026-09-26,2026-09-26,新销量广告系列-0923-半身裙1-1-新 - 广告副本,active,点击后 7 天内、浏览后 1 天内或互动观看后 1 天内,2,actions:offsite_conversion.fb_pixel_purchase,2625,3221,1.227427,60,0.6743,12.561564,40,使用广告系列预算,40.47,5,2,2,2,158.78,3.92,,,OUTCOME_SALES,1202110000214
2026-09-27,2026-09-27,新销量广告系列-0923-半身裙1-1-新 - 广告副本,active,点击后 7 天内、浏览后 1 天内或互动观看后 1 天内,1,actions:offsite_conversion.fb_pixel_purchase,2499,3159,1.263978,57,0.696,12.545508,40,使用广告系列预算,39.63,4,2,1,1,85.21,2.15,,,OUTCOME_SALES,1202110000214
2026-09-23,2026-09-23,新销量广告系列-0923-半身裙2-1-新 - 广告副本,active,点击后 7 天内、浏览后 1 天内或互动观看后 1 天内,1,actions:offsite_conversion.fb_pixel_purchase,1435,1643,1.145119,32,0.63,12.330974,20,使用广告组预算,20.26,3,1,1,1,61.32,3.03,,,OUTCOME_SALES,1202110000216
2026-09-24,2026-09-24,新销量广告系列-0923-半身裙2-1-新 - 广告副本,active,点击后 7 天内、浏览后 1 天内或互动观看后 1 天内,1,actions:offsite_conversion.fb_pixel_purchase,1357,1600,1.179104,31,0.6532,12.520833,20,使用广告组预算,20.04,3,2,1,1,63.9,3.19,,,OUTCOME_SALES,1202110000216
2026-09-25,2026-09-25,新销量广告系列-0923-半身裙2-1-新 - 广告副本,active,点击后 7 天内、浏览后 1 天内或互动观看后 1 天内,0,actions:offsite_conversion.fb_pixel_purchase,1284,1558,1.213165,29,0.6629,12.448677,20,使用广告组预算,19.4,2,1,0,0,0.0,0.0,,,OUTCOME_SALES,1202110000216
2026-09-26,2026-09-26,新销量广告系列-0923-半身裙2-1-新 - 广告副本,active,点击后 7 天内、浏览后 1 天内或互动观看后 1 天内,0,actions:offsite_conversion.fb_pixel_purchase,1264,1577,1.247946,29,0.7137,13.13048,20,使用广告组预算,20.71,2,1,0,0,0.0,0.0,,,OUTCOME_SALES,1202110000216
2026-09-27,2026-09-27,新销量广告系列-0923-半身裙2-1-新 - 广告副本,active,点击后 7 天内、浏览后 1 天内或互动观看后 1 天内,0,actions:offsite_conversion.fb_pixel_purchase,1187,1523,1.283319,27,0.688,12.408579,20,使用广告组预算,18.89,2,1,0,0,0.0,0.0,,,OUTCOME_SALES,1202110000216
2026-09-23,2026-09-23,新销量广告系列-0923-半身裙3-1-新,active,点击后 7 天内、浏览后 1 天内或互动观看后 1 天内,1,actions:offsite_conversion.fb_pixel_purchase,3864,4318,1.117684,99,0.5286,12.07694,50,使用广告组预算,52.15,7,3,1,2,73.04,1.4,,,OUTCOME_SALES,1202110000217
2026-09-24,2026-09-24,新销量广告系列-0923-半身裙3-1-新,active,点击后 7 天内、浏览后 1 天内或互动观看后 1 天内,1,actions:offsite_conversion.fb_pixel_purchase,3773,4271,1.132208,96,0.5303,11.865129,50,使用广告组预算,50.68,6,3,1,2,74.22,1.46,,,OUTCOME_SALES,1202110000217
2026-09-25,2026-09-25,新销量广告系列-0923-半身裙3-1-新,active,点击后 7 天内、浏览后 1 天内或互动观看后 1 天内,1,actions:offsite_conversion.fb_pixel_purchase,3206,3673,1.14581,81,0.6087,13.343291,50,使用广告组预算,49.01,6,3,1,2,73.19,1.49,,,OUTCOME_SALES,1202110000217
2026-09-26,2026-09-26,新销量广告系列-0923-半身裙3-1-新,active,点击后 7 天内、浏览后 1 天内或互动观看后 1 天内,2,actions:offsite_conversion.fb_pixel_purchase,4021,4666,1.160259,100,0.4887,10.479484,50,使用广告组预算,48.9,7,4,2,2,163.13,3.34,,,OUTCOME_SALES,1202110000217
2026-09-27,2026-09-27,新销量广告系列-0923-半身裙3-1-新,active,点击后 7 天内、浏览后 1 天内或互动观看后 1 天内,2,actions:offsite_conversion.fb_pixel_purchase,3641,4281,1.175968,90,0.5771,12.1112,50,使用广告组预算,51.85,7,3,2,2,116.67,2.25,,,OUTCOME_SALES,1202110000217
2026-09-23,2026-09-23,新销量广告系列-0923-卫衣1-1-新,active,点击后 7 天内、浏览后 1 天内或互动观看后 1 天内,0,actions:offsite_conversion.fb_pixel_purchase,795,871,1.095999,24,0.5094,13.93912,25,使用广告组预算,12.15,2,1,0,0,0.0,0.0,,,OUTCOME_SALES,1202110000143
2026-09-24,2026-09-24,新销量广告系列-0923-卫衣1-1-新,active,点击后 7 天内、浏览后 1 天内或互动观看后 1 天内,1,actions:offsite_conversion.fb_pixel_purchase,845,950,1.12452,25,0.4885,13.028948,25,使用广告组预算,12.37,2,1,1,1,99.85,8.07,,,OUTCOME_SALES,1202110000143
2026-09-25,2026-09-25,新销量广告系列-0923-卫衣1-1-新,active,点击后 7 天内、浏览后 1 天内或互动观看后 1 天内,0,actions:offsite_conversion.fb_pixel_purchase,800,924,1.154642,24,0.4999,13.000057,25,使用广告组预算,12.01,2,1,0,0,0.0,0.0,,,OUTCOME_SALES,1202110000143
2026-09-26,2026-09-26,新销量广告系列-0923-卫衣1-1-新,active,点击后 7 天内、浏览后 1 天内或互动观看后 1 天内,1,actions:offsite_conversion.fb_pixel_purchase,736,872,1.184269,22,0.5568,14.125692,25,使用广告组预算,12.32,2,1,1,1,77.18,6.27,,,OUTCOME_SALES,1202110000143
2026-09-27,2026-09-27,新销量广告系列-0923-卫衣1-1-新,active,点击后 7 天内、浏览后 1 天内或互动观看后 1 天内,0,actions:offsite_conversion.fb_pixel_purchase,714,866,1.213669,21,0.584,14.45436,25,使用广告组预算,12.52,1,1,0,0,0.0,0.0,,,OUTCOME_SALES,1202110000143
2026-09-23,2026-09-23,新销量广告系列-0923-卫衣1-1-新 - 广告副本,active,点击后 7 天内、浏览后 1 天内或互动观看后 1 天内,1,actions:offsite_conversion.fb_pixel_purchase,2232,2354,1.054496,61,0.4752,12.413064,30,使用广告组预算,29.22,4,2,1,1,141.48,4.84,,,OUTCOME_SALES,1202110000144
2026-09-24,2026-09-24,新销量广告系列-0923-卫衣1-1-新 - 广告副本,active,点击后 7 天内、浏览后 1 天内或互动观看后 1 天内,1,actions:offsite_conversion.fb_pixel_purchase,2283,2421,1.060443,62,0.4813,12.303696,30,使用广告组预算,29.79,4,2,1,1,79.01,2.65,,,OUTCOME_SALES,1202110000144
2026-09-25,2026-09-25,新销量广告系列-0923-卫衣1-1-新 - 广告副本,active,点击后 7 天内、浏览后 1 天内或互动观看后 1 天内,1,actions:offsite_conversion.fb_pixel_purchase,1945,2074,1.066071,52,0.5626,14.07681,30,使用广告组预算,29.2,4,2,1,1,123.06,4.21,,,OUTCOME_SALES,1202110000144
2026-09-26,2026-09-26,新销量广告系列-0923-卫衣1-1-新 - 广告副本,active,点击后 7 天内、浏览后 1 天内或互动观看后 1 天内,0,actions:offsite_conversion.fb_pixel_purchase,1817,1946,1.07113,48,0.6233,15.260036,30,使用广告组预算,29.69,3,1,0,0,0.0,0.0,,,OUTCOME_SALES,1202110000144
2026-09-27,2026-09-27,新销量广告系列-0923-卫衣1-1-新 - 广告副本,active,点击后 7 天内、浏览后 1 天内或互动观看后 1 天内,0,actions:offsite_conversion.fb_pixel_purchase,1968,2118,1.076268,51,0.5646,13.518074,30,使用广告组预算,28.63,3,1,0,0,0.0,0.0,,,OUTCOME_SALES,1202110000144
2026-09-23,2026-09-23,新销量广告系列-0923-卫衣2-1-新,active,点击后 7 天内、浏览后 1 天内或互动观看后 1 天内,1,actions:offsite_conversion.fb_pixel_purchase,2560,3238,1.265192,66,0.602,12.183677,40,使用广告组预算,39.45,7,3,1,2,68.62,1.74,,,OUTCOME_SALES,1202110000145
2026-09-24,2026-09-24,新销量广告系列-0923-卫衣2-1-新,active,点击后 7 天内、浏览后 1 天内或互动观看后 1 天内,0,actions:offsite_conversion.fb_pixel_purchase,2460,3265,1.326945,64,0.6064,11.905014,40,使用广告组预算,38.87,6,2,0,1,0.0,0.0,,,OUTCOME_SALES,1202110000145
2026-09-25,2026-09-25,新销量广告系列-0923-卫衣2-1-新,active,点击后 7 天内、浏览后 1 天内或互动观看后 1 天内,0,actions:offsite_conversion.fb_pixel_purchase,2202,3061,1.38992,58,0.6913,13.190172,40,使用广告组预算,40.37,5,2,0,1,0.0,0.0,,,OUTCOME_SALES,1202110000145
2026-09-26,2026-09-26,新销量广告系列-0923-卫衣2-1-新,active,点击后 7 天内、浏览后 1 天内或互动观看后 1 天内,1,actions:offsite_conversion.fb_pixel_purchase,2435,3552,1.45889,66,0.6364,11.770295,40,使用广告组预算,41.8,7,3,1,2,76.64,1.83,,,OUTCOME_SALES,1202110000145
2026-09-27,2026-09-27,新销量广告系列-0923-卫衣2-1-新,active,点击后 7 天内、浏览后 1 天内或互动观看后 1 天内,1,actions:offsite_conversion.fb_pixel_purchase,2117,3246,1.533432,58,0.664,11.933376,40,使用广告组预算,38.73,6,3,1,2,65.19,1.68,,,OUTCOME_SALES,1202110000145
2026-09-23,2026-09-23,新销量广告系列-0923-卫衣3-1-新,active,点击后 7 天内、浏览后 1 天内或互动观看后 1 天内,0,actions:offsite_conversion.fb_pixel_purchase,470,552,1.173137,13,0.5888,13.435266,15,使用广告组预算,7.42,1,0,0,0,0.0,0.0,,,OUTCOME_SALES,1202110000147
2026-09-24,2026-09-24,新销量广告系列-0923-卫衣3-1-新,active,点击后 7 天内、浏览后 1 天内或互动观看后 1 天内,0,actions:offsite_conversion.fb_pixel_purchase,430,508,1.182728,12,0.67,15.223283,15,使用广告组预算,7.74,1,1,0,0,0.0,0.0,,,OUTCOME_SALES,1202110000147
2026-09-25,2026-09-25,新销量广告系列-0923-卫衣3-1-新,active,点击后 7 天内、浏览后 1 天内或互动观看后 1 天内,0,actions:offsite_conversion.fb_pixel_purchase,434,517,1.192081,12,0.6435,14.559205,15,使用广告组预算,7.53,1,0,0,0,0.0,0.0,,,OUTCOME_SALES,1202110000147
2026-09-26,2026-09-26,新销量广告系列-0923-卫衣3-1-新,active,点击后 7 天内、浏览后 1 天内或互动观看后 1 天内,0,actions:offsite_conversion.fb_pixel_purchase,474,570,1.202071,13,0.5921,13.333722,15,使用广告组预算,7.59,1,0,0,0,0.0,0.0,,,OUTCOME_SALES,1202110000147
2026-09-27,2026-09-27,新销量广告系列-0923-卫衣3-1-新,active,点击后 7 天内、浏览后 1 天内或互动观看后 1 天内,0,actions:offsite_conversion.fb_pixel_purchase,442,536,1.212321,12,0.6095,13.665403,15,使用广告组预算,7.33,1,0,0,0,0.0,0.0,,,OUTCOME_SALES,1202110000147
2026-09-23,2026-09-23,新销量广告系列-0923-围巾1-1-新 - 广告副本,active,点击后 7 天内、浏览后 1 天内或互动观看后 1 天内,1,actions:offsite_conversion.fb_pixel_purchase,2154,2638,1.225086,49,0.5272,9.773979,50,使用广告组预算,25.79,5,2,1,1,34.54,1.34,,,OUTCOME_SALES,1202110000229
2026-09-24,2026-09-24,新销量广告系列-0923-围巾1-1-新 - 广告副本,active,点击后 7 天内、浏览后 1 天内或互动观看后 1 天内,1,actions:offsite_conversion.fb_pixel_purchase,1735,2233,1.286926,41,0.5654,10.273903,50,使用广告组预算,22.94,4,2,1,1,46.35,2.02,,,OUTCOME_SALES,1202110000229
2026-09-25,2026-09-25,新销量广告系列-0923-围巾1-1-新 - 广告副本,active,点击后 7 天内、浏览后 1 天内或互动观看后 1 天内,0,actions:offsite_conversion.fb_pixel_purchase,1771,2388,1.348416,43,0.5439,9.681435,50,使用广告组预算,23.12,3,1,0,0,0.0,0.0,,,OUTCOME_SALES,1202110000229
2026-09-26,2026-09-26,新销量广告系列-0923-围巾1-1-新 - 广告副本,active,点击后 7 天内、浏览后 1 天内或互动观看后 1 天内,1,actions:offsite_conversion.fb_pixel_purchase,1812,2568,1.417634,45,0.5504,9.587764,50,使用广告组预算,24.62,4,1,1,1,35.29,1.43,,,OUTCOME_SALES,1202110000229
2026-09-27,2026-09-27,新销量广告系列-0923-围巾1-1-新 - 广告副本,active,点击后 7 天内、浏览后 1 天内或互动观看后 1 天内,1,actions:offsite_conversion.fb_pixel_purchase,1513,2252,1.488411,39,0.5815,9.942861,50,使用广告组预算,22.39,4,2,1,1,35.71,1.59,,,OUTCOME_SALES,1202110000229
2026-09-23,2026-09-23,新销量广告系列-0923-围巾2-1-新,active,点击后 7 天内、浏览后 1 天内或互动观看后 1 天内,1,actions:offsite_conversion.fb_pixel_purchase,1961,2413,1.230779,54,0.4252,9.447123,25,使用广告组预算,22.8,5,2,1,1,29.82,1.31,,,OUTCOME_SALES,1202110000230
2026-09-24,2026-09-24,新销量广告系列-0923-围巾2-1-新,active,点击后 7 天内、浏览后 1 天内或互动观看后 1 天内,1,actions:offsite_conversion.fb_pixel_purchase,2143,2844,1.327003,60,0.4073,8.574196,25,使用广告组预算,24.38,4,1,1,1,28.35,1.16,,,OUTCOME_SALES,1202110000230
2026-09-25,2026-09-25,新销量广告系列-0923-围巾2-1-新,active,点击后 7 天内、浏览后 1 天内或互动观看后 1 天内,0,actions:offsite_conversion.fb_pixel_purchase,1682,2407,1.430849,48,0.5123,10.283561,25,使用广告组预算,24.75,3,1,0,0,0.0,0.0,,,OUTCOME_SALES,1202110000230
2026-09-26,2026-09-26,新销量广告系列-0923-围巾2-1-新,active,点击后 7 天内、浏览后 1 天内或互动观看后 1 天内,1,actions:offsite_conversion.fb_pixel_purchase,1810,2790,1.541411,53,0.4538,8.65611,25,使用广告组预算,24.15,4,1,1,1,33.97,1.41,,,OUTCOME_SALES,1202110000230
2026-09-27,2026-09-27,新销量广告系列-0923-围巾2-1-新,active,点击后 7 天内、浏览后 1 天内或互动观看后 1 天内,1,actions:offsite_conversion.fb_pixel_purchase,1629,2718,1.668063,49,0.5257,9.546633,25,使用广告组预算,25.95,4,2,1,1,35.81,1.38,,,OUTCOME_SALES,1202110000230
2026-09-23,2026-09-23,新销量广告系列-0923-围巾2-1-新 - 广告副本,active,点击后 7 天内、浏览后 1 天内或互动观看后 1 天内,1,actions:offsite_conversion.fb_pixel_purchase,1439,1822,1.26647,41,0.4302,9.724213,20,使用广告系列预算,17.72,4,2,1,1,39.91,2.25,,,OUTCOME_SALES,1202110000231
2026-09-24,2026-09-24,新销量广告系列-0923-围巾2-1-新 - 广告副本,active,点击后 7 天内、浏览后 1 天内或互动观看后 1 天内,0,actions:offsite_conversion.fb_pixel_purchase,1327,1686,1.271173,38,0.4539,10.162449,20,使用广告系列预算,17.14,3,1,0,1,0.0,0.0,,,OUTCOME_SALES,1202110000231
2026-09-25,2026-09-25,新销量广告系列-0923-围巾2-1-新 - 广告副本,active,点击后 7 天内、浏览后 1 天内或互动观看后 1 天内,0,actions:offsite_conversion.fb_pixel_purchase,1513,1931,1.276038,43,0.4192,9.292984,20,使用广告系列预算,17.94,4,2,0,1,0.0,0.0,,,OUTCOME_SALES,1202110000231
2026-09-26,2026-09-26,新销量广告系列-0923-围巾2-1-新 - 广告副本,active,点击后 7 天内、浏览后 1 天内或互动观看后 1 天内,0,actions:offsite_conversion.fb_pixel_purchase,1444,1850,1.281144,41,0.4409,9.675519,20,使用广告系列预算,17.9,3,1,0,1,0.0,0.0,,,OUTCOME_SALES,1202110000231
2026-09-27,2026-09-27,新销量广告系列-0923-围巾2-1-新 - 广告副本,active,点击后 7 天内、浏览后 1 天内或互动观看后 1 天内,0,actions:offsite_conversion.fb_pixel_purchase,1421,1828,1.286131,40,0.447,9.712232,20,使用广告系列预算,17.76,3,2,0,1,0.0,0.0,,,OUTCOME_SALES,1202110000231
2026-09-23,2026-09-23,新销量广告系列-0923-围巾3-1-新,active,点击后 7 天内、浏览后 1 天内或互动观看后 1 天内,2,actions:offsite_conversion.fb_pixel_purchase,3263,3971,1.217039,90,0.4541,10.32146,40,使用广告系列预算,40.98,6,3,2,2,73.7,1.8,,,OUTCOME_SALES,1202110000232
2026-09-24,2026-09-24,新销量广告系列-0923-围巾3-1-新,active,点击后 7 天内、浏览后 1 天内或互动观看后 1 天内,2,actions:offsite_conversion.fb_pixel_purchase,2946,3604,1.223249,82,0.4696,10.62843,40,使用广告系列预算,38.31,6,3,2,2,91.43,2.39,,,OUTCOME_SALES,1202110000232
2026-09-25,2026-09-25,新销量广告系列-0923-围巾3-1-新,active,点击后 7 天内、浏览后 1 天内或互动观看后 1 天内,2,actions:offsite_conversion.fb_pixel_purchase,3401,4182,1.229664,94,0.4431,9.982967,40,使用广告系列预算,41.75,7,3,2,2,97.6,2.34,,,OUTCOME_SALES,1202110000232
2026-09-26,2026-09-26,新销量广告系列-0923-围巾3-1-新,active,点击后 7 天内、浏览后 1 天内或互动观看后 1 天内,2,actions:offsite_conversion.fb_pixel_purchase,3005,3714,1.236205,83,0.4905,11.000762,40,使用广告系列预算,40.86,6,3,2,2,92.15,2.26,,,OUTCOME_SALES,1202110000232
2026-09-27,2026-09-27,新销量广告系列-0923-围巾3-1-新,active,点击后 7 天内、浏览后 1 天内或互动观看后 1 天内,2,actions:offsite_conversion.fb_pixel_purchase,3298,4098,1.24271,92,0.4344,9.698775,40,使用广告系列预算,39.75,6,3,2,2,89.66,2.26,,,OUTCOME_SALES,1202110000232
2026-09-23,2026-09-23,新销量广告系列-0923-夹克1-1-新,active,点击后 7 天内、浏览后 1 天内或互动观看后 1 天内,1,actions:offsite_conversion.fb_pixel_purchase,1009,1195,1.184843,28,0.6939,16.03948,25,使用广告系列预算,19.17,3,1,1,1,173.41,9.05,,,OUTCOME_SALES,1202110000163
2026-09-24,2026-09-24,新销量广告系列-0923-夹克1-1-新,active,点击后 7 天内、浏览后 1 天内或互动观看后 1 天内,1,actions:offsite_conversion.fb_pixel_purchase,884,1048,1.185873,24,0.7662,17.468451,25,使用广告系列预算,18.31,2,1,1,1,142.29,7.77,,,OUTCOME_SALES,1202110000163
2026-09-25,2026-09-25,新销量广告系列-0923-夹克1-1-新,active,点击后 7 天内、浏览后 1 天内或互动观看后 1 天内,0,actions:offsite_conversion.fb_pixel_purchase,1026,1218,1.186913,27,0.7363,16.553139,25,使用广告系列预算,20.17,2,1,0,0,0.0,0.0,,,OUTCOME_SALES,1202110000163
2026-09-26,2026-09-26,新销量广告系列-0923-夹克1-1-新,active,点击后 7 天内、浏览后 1 天内或互动观看后 1 天内,1,actions:offsite_conversion.fb_pixel_purchase,987,1173,1.188012,26,0.704,15.604825,25,使用广告系列预算,18.3,2,1,1,1,170.28,9.3,,,OUTCOME_SALES,1202110000163
2026-09-27,2026-09-27,新销量广告系列-0923-夹克1-1-新,active,点击后 7 天内、浏览后 1 天内或互动观看后 1 天内,0,actions:offsite_conversion.fb_pixel_purchase,1004,1194,1.189101,26,0.7495,16.375967,25,使用广告系列预算,19.56,2,1,0,1,0.0,0.0,,,OUTCOME_SALES,1202110000163
2026-09-23,2026-09-23,新销量广告系列-0923-夹克1-1-新 - 广告副本,active,点击后 7 天内、浏览后 1 天内或互动观看后 1 天内,0,actions:offsite_conversion.fb_pixel_purchase,1330,1431,1.076212,28,0.7037,13.612814,20,使用广告组预算,19.48,1,0,0,0,0.0,0.0,,,OUTCOME_SALES,1202110000164
2026-09-24,2026-09-24,新销量广告系列-0923-夹克1-1-新 - 广告副本,active,点击后 7 天内、浏览后 1 天内或互动观看后 1 天内,1,actions:offsite_conversion.fb_pixel_purchase,1251,1349,1.078124,26,0.769,14.580293,20,使用广告组预算,19.66,2,1,1,1,129.34,6.58,,,OUTCOME_SALES,1202110000164
2026-09-25,2026-09-25,新销量广告系列-0923-夹克1-1-新 - 广告副本,active,点击后 7 天内、浏览后 1 天内或互动观看后 1 天内,0,actions:offsite_conversion.fb_pixel_purchase,1289,1392,1.080012,26,0.8152,15.144698,20,使用广告组预算,21.08,2,1,0,0,0.0,0.0,,,OUTCOME_SALES,1202110000164
2026-09-26,2026-09-26,新销量广告系列-0923-夹克1-1-新 - 广告副本,active,点击后 7 天内、浏览后 1 天内或互动观看后 1 天内,0,actions:offsite_conversion.fb_pixel_purchase,1274,1378,1.081924,25,0.797,14.502,20,使用广告组预算,19.99,1,0,0,0,0.0,0.0,,,OUTCOME_SALES,1202110000164
2026-09-27,2026-09-27,新销量广告系列-0923-夹克1-1-新 - 广告副本,active,点击后 7 天内、浏览后 1 天内或互动观看后 1 天内,0,actions:offsite_conversion.fb_pixel_purchase,1111,1204,1.083709,21,0.9167,16.330911,20,使用广告组预算,19.66,1,0,0,0,0.0,0.0,,,OUTCOME_SALES,1202110000164
2026-09-23,2026-09-23,新销量广告系列-0923-夹克2-1-新,active,点击后 7 天内、浏览后 1 天内或互动观看后 1 天内,0,actions:offsite_conversion.fb_pixel_purchase,999,1214,1.21586,26,0.7337,15.880245,25,使用广告组预算,19.29,2,1,0,0,0.0,0.0,,,OUTCOME_SALES,1202110000165
2026-09-24,2026-09-24,新销量广告系列-0923-夹克2-1-新,active,点击后 7 天内、浏览后 1 天内或互动观看后 1 天内,1,actions:offsite_conversion.fb_pixel_purchase,1235,1503,1.216676,32,0.6497,13.98405,25,使用广告组预算,21.01,2,1,1,1,70.13,3.34,,,OUTCOME_SALES,1202110000165
2026-09-25,2026-09-25,新销量广告系列-0923-夹克2-1-新,active,点击后 7 天内、浏览后 1 天内或互动观看后 1 天内,0,actions:offsite_conversion.fb_pixel_purchase,1211,1474,1.217571,32,0.6506,13.925466,25,使用广告组预算,20.53,2,0,0,0,0.0,0.0,,,OUTCOME_SALES,1202110000165
2026-09-26,2026-09-26,新销量广告系列-0923-夹克2-1-新,active,点击后 7 天内、浏览后 1 天内或互动观看后 1 天内,0,actions:offsite_conversion.fb_pixel_purchase,1177,1435,1.218447,31,0.7031,14.966381,25,使用广告组预算,21.47,2,0,0,0,0.0,0.0,,,OUTCOME_SALES,1202110000165
2026-09-27,2026-09-27,新销量广告系列-0923-夹克2-1-新,active,点击后 7 天内、浏览后 1 天内或互动观看后 1 天内,0,actions:offsite_conversion.fb_pixel_purchase,1187,1447,1.219315,31,0.6612,13.995658,25,使用广告组预算,20.25,2,1,0,0,0.0,0.0,,,OUTCOME_SALES,1202110000165
2026-09-23,2026-09-23,新销量广告系列-0923-夹克3-1-新,active,点击后 7 天内、浏览后 1 天内或互动观看后 1 天内,1,actions:offsite_conversion.fb_pixel_purchase,1516,1774,1.169647,30,0.8261,13.969228,25,使用广告系列预算,24.78,2,1,1,1,107.54,4.34,,,OUTCOME_SALES,1202110000167
2026-09-24,2026-09-24,新销量广告系列-0923-夹克3-1-新,active,点击后 7 天内、浏览后 1 天内或互动观看后 1 天内,0,actions:offsite_conversion.fb_pixel_purchase,1527,1787,1.170787,30,0.8132,13.680586,25,使用广告系列预算,24.45,1,0,0,0,0.0,0.0,,,OUTCOME_SALES,1202110000167
2026-09-25,2026-09-25,新销量广告系列-0923-夹克3-1-新,active,点击后 7 天内、浏览后 1 天内或互动观看后 1 天内,1,actions:offsite_conversion.fb_pixel_purchase,1675,1963,1.171989,33,0.7748,12.965625,25,使用广告系列预算,25.45,3,1,1,1,130.03,5.11,,,OUTCOME_SALES,1202110000167
2026-09-26,2026-09-26,新销量广告系列-0923-夹克3-1-新,active,点击后 7 天内、浏览后 1 天内或互动观看后 1 天内,0,actions:offsite_conversion.fb_pixel_purchase,1432,1680,1.173158,28,0.8519,14.182929,25,使用广告系列预算,23.83,2,1,0,0,0.0,0.0,,,OUTCOME_SALES,1202110000167
2026-09-27,2026-09-27,新销量广告系列-0923-夹克3-1-新,active,点击后 7 天内、浏览后 1 天内或互动观看后 1 天内,1,actions:offsite_conversion.fb_pixel_purchase,1723,2023,1.174347,34,0.7459,12.351977,25,使用广告系列预算,24.99,3,1,1,1,153.29,6.13,,,OUTCOME_SALES,1202110000167
2026-09-23,2026-09-23,新销量广告系列-0923-帽子1-1-新,active,点击后 7 天内、浏览后 1 天内或互动观看后 1 天内,2,actions:offsite_conversion.fb_pixel_purchase,3270,4105,1.255424,118,0.3287,9.435078,40,使用广告系列预算,38.73,11,5,2,2,85.16,2.2,,,OUTCOME_SALES,1202110000153
2026-09-24,2026-09-24,新销量广告系列-0923-帽子1-1-新,active,点击后 7 天内、浏览后 1 天内或互动观看后 1 天内,3,actions:offsite_conversion.fb_pixel_purchase,2619,3466,1.323325,95,0.4121,11.305309,40,使用广告系列预算,39.19,10,4,3,3,151.36,3.86,,,OUTCOME_SALES,1202110000153
2026-09-25,2026-09-25,新销量广告系列-0923-帽子1-1-新,active,点击后 7 天内、浏览后 1 天内或互动观看后 1 天内,2,actions:offsite_conversion.fb_pixel_purchase,2641,3673,1.390646,96,0.4054,10.615767,40,使用广告系列预算,38.99,9,4,2,2,87.02,2.23,,,OUTCOME_SALES,1202110000153
2026-09-26,2026-09-26,新销量广告系列-0923-帽子1-1-新,active,点击后 7 天内、浏览后 1 天内或互动观看后 1 天内,2,actions:offsite_conversion.fb_pixel_purchase,2690,3945,1.466255,98,0.3986,9.945304,40,使用广告系列预算,39.23,9,4,2,2,98.1,2.5,,,OUTCOME_SALES,1202110000153
2026-09-27,2026-09-27,新销量广告系列-0923-帽子1-1-新,active,点击后 7 天内、浏览后 1 天内或互动观看后 1 天内,3,actions:offsite_conversion.fb_pixel_purchase,2886,4487,1.554718,106,0.3753,8.898141,40,使用广告系列预算,39.93,11,5,3,3,163.21,4.09,,,OUTCOME_SALES,1202110000153
2026-09-23,2026-09-23,新销量广告系列-0923-帽子1-1-新 - 广告副本,active,点击后 7 天内、浏览后 1 天内或互动观看后 1 天内,2,actions:offsite_conversion.fb_pixel_purchase,2423,2659,1.097141,77,0.3306,9.521817,25,使用广告组预算,25.32,7,3,2,2,59.56,2.35,,,OUTCOME_SALES,1202110000154
2026-09-24,2026-09-24,新销量广告系列-0923-帽子1-1-新 - 广告副本,active,点击后 7 天内、浏览后 1 天内或互动观看后 1 天内,2,actions:offsite_conversion.fb_pixel_purchase,2604,2880,1.106207,82,0.3125,8.941772,25,使用广告组预算,25.75,8,4,2,2,77.75,3.02,,,OUTCOME_SALES,1202110000154
2026-09-25,2026-09-25,新销量广告系列-0923-帽子1-1-新 - 广告副本,active,点击后 7 天内、浏览后 1 天内或互动观看后 1 天内,1,actions:offsite_conversion.fb_pixel_purchase,2161,2409,1.114935,69,0.3385,9.628599,25,使用广告组预算,23.2,6,3,1,1,30.28,1.31,,,OUTCOME_SALES,1202110000154
2026-09-26,2026-09-26,新销量广告系列-0923-帽子1-1-新 - 广告副本,active,点击后 7 天内、浏览后 1 天内或互动观看后 1 天内,2,actions:offsite_conversion.fb_pixel_purchase,2298,2581,1.123232,73,0.3228,9.126308,25,使用广告组预算,23.56,7,3,2,2,58.71,2.49,,,OUTCOME_SALES,1202110000154
2026-09-27,2026-09-27,新销量广告系列-0923-帽子1-1-新 - 广告副本,active,点击后 7 天内、浏览后 1 天内或互动观看后 1 天内,2,actions:offsite_conversion.fb_pixel_purchase,2451,2776,1.132207,78,0.3193,8.968806,25,使用广告组预算,24.89,7,3,2,2,78.7,3.16,,,OUTCOME_SALES,1202110000154
2026-09-23,2026-09-23,新销量广告系列-0923-帽子2-1-新,active,点击后 7 天内、浏览后 1 天内或互动观看后 1 天内,1,actions:offsite_conversion.fb_pixel_purchase,1954,2376,1.215999,56,0.4488,10.507462,25,使用广告组预算,24.97,4,2,1,1,34.39,1.38,,,OUTCOME_SALES,1202110000155
2026-09-24,2026-09-24,新销量广告系列-0923-帽子2-1-新,active,点击后 7 天内、浏览后 1 天内或互动观看后 1 天内,1,actions:offsite_conversion.fb_pixel_purchase,1839,2239,1.217616,52,0.4552,10.56997,25,使用广告组预算,23.66,4,2,1,1,36.57,1.55,,,OUTCOME_SALES,1202110000155
2026-09-25,2026-09-25,新销量广告系列-0923-帽子2-1-新,active,点击后 7 天内、浏览后 1 天内或互动观看后 1 天内,1,actions:offsite_conversion.fb_pixel_purchase,1911,2329,1.219219,54,0.4734,10.903814,25,使用广告组预算,25.4,4,2,1,1,51.87,2.04,,,OUTCOME_SALES,1202110000155
2026-09-26,2026-09-26,新销量广告系列-0923-帽子2-1-新,active,点击后 7 天内、浏览后 1 天内或互动观看后 1 天内,1,actions:offsite_conversion.fb_pixel_purchase,1736,2119,1.220781,48,0.4841,11.057884,25,使用广告组预算,23.43,3,1,1,1,45.76,1.95,,,OUTCOME_SALES,1202110000155
2026-09-27,2026-09-27,新销量广告系列-0923-帽子2-1-新,active,点击后 7 天内、浏览后 1 天内或互动观看后 1 天内,1,actions:offsite_conversion.fb_pixel_purchase,1791,2189,1.222296,50,0.5076,11.498263,25,使用广告组预算,25.17,4,2,1,1,37.8,1.5,,,OUTCOME_SALES,1202110000155
2026-09-23,2026-09-23,新销量广告系列-0923-帽子2-1-新 - 广告副本,active,点击后 7 天内、浏览后 1 天内或互动观看后 1 天内,2,actions:offsite_conversion.fb_pixel_purchase,2365,2876,1.216155,78,0.3883,10.546117,40,使用广告组预算,30.33,6,3,2,2,74.39,2.45,,,OUTCOME_SALES,1202110000156
2026-09-24,2026-09-24,新销量广告系列-0923-帽子2-1-新 - 广告副本,active,点击后 7 天内、浏览后 1 天内或互动观看后 1 天内,2,actions:offsite_conversion.fb_pixel_purchase,2531,3082,1.217769,83,0.3701,9.943961,40,使用广告组预算,30.65,6,3,2,2,66.17,2.16,,,OUTCOME_SALES,1202110000156
2026-09-25,2026-09-25,新销量广告系列-0923-帽子2-1-新 - 广告副本,active,点击后 7 天内、浏览后 1 天内或互动观看后 1 天内,2,actions:offsite_conversion.fb_pixel_purchase,2469,3010,1.219421,80,0.3803,10.107384,40,使用广告组预算,30.43,6,3,2,2,91.44,3.01,,,OUTCOME_SALES,1202110000156
2026-09-26,2026-09-26,新销量广告系列-0923-帽子2-1-新 - 广告副本,active,点击后 7 天内、浏览后 1 天内或互动观看后 1 天内,1,actions:offsite_conversion.fb_pixel_purchase,2583,3154,1.221094,83,0.3768,9.905354,40,使用广告组预算,31.24,6,3,1,1,38.62,1.24,,,OUTCOME_SALES,1202110000156
2026-09-27,2026-09-27,新销量广告系列-0923-帽子2-1-新 - 广告副本,active,点击后 7 天内、浏览后 1 天内或互动观看后 1 天内,2,actions:offsite_conversion.fb_pixel_purchase,2504,3062,1.222785,80,0.3719,9.669074,40,使用广告组预算,29.6,6,3,2,2,72.6,2.45,,,OUTCOME_SALES,1202110000156
2026-09-23,2026-09-23,新销量广告系列-0923-手表1-1-新,active,点击后 7 天内、浏览后 1 天内或互动观看后 1 天内,0,actions:offsite_conversion.fb_pixel_purchase,1550,1745,1.12537,31,0.9579,17.266421,30,使用广告组预算,30.12,1,0,0,0,0.0,0.0,,,OUTCOME_SALES,1202110000233
2026-09-24,2026-09-24,新销量广告系列-0923-手表1-1-新,active,点击后 7 天内、浏览后 1 天内或互动观看后 1 天内,1,actions:offsite_conversion.fb_pixel_purchase,1410,1800,1.276775,31,1.0371,17.700476,30,使用广告组预算,31.87,2,1,1,1,178.44,5.6,,,OUTCOME_SALES,1202110000233
2026-09-25,2026-09-25,新销量广告系列-0923-手表1-1-新,active,点击后 7 天内、浏览后 1 天内或互动观看后 1 天内,0,actions:offsite_conversion.fb_pixel_purchase,1084,1560,1.439349,25,1.1477,18.735542,30,使用广告组预算,29.22,1,0,0,0,0.0,0.0,,,OUTCOME_SALES,1202110000233
2026-09-26,2026-09-26,新销量广告系列-0923-手表1-1-新,active,点击后 7 天内、浏览后 1 天内或互动观看后 1 天内,1,actions:offsite_conversion.fb_pixel_purchase,1021,1647,1.613394,26,1.1294,17.646804,30,使用广告组预算,29.06,1,1,1,1,201.77,6.94,,,OUTCOME_SALES,1202110000233
2026-09-27,2026-09-27,新销量广告系列-0923-手表1-1-新,active,点击后 7 天内、浏览后 1 天内或互动观看后 1 天内,0,actions:offsite_conversion.fb_pixel_purchase,1000,1827,1.825617,27,1.1275,16.847715,30,使用广告组预算,30.77,1,0,0,0,0.0,0.0,,,OUTCOME_SALES,1202110000233
2026-09-23,2026-09-23,新销量广告系列-0923-手表1-1-新 - 广告副本,active,点击后 7 天内、浏览后 1 天内或互动观看后 1 天内,0,actions:offsite_conversion.fb_pixel_purchase,1032,1085,1.050593,20,1.0715,20.230094,20,使用广告组预算,21.94,1,0,0,0,0.0,0.0,,,OUTCOME_SALES,1202110000234
2026-09-24,2026-09-24,新销量广告系列-0923-手表1-1-新 - 广告副本,active,点击后 7 天内、浏览后 1 天内或互动观看后 1 天内,0,actions:offsite_conversion.fb_pixel_purchase,990,1047,1.058437,19,1.0745,19.758367,20,使用广告组预算,20.69,1,1,0,0,0.0,0.0,,,OUTCOME_SALES,1202110000234
2026-09-25,2026-09-25,新销量广告系列-0923-手表1-1-新 - 广告副本,active,点击后 7 天内、浏览后 1 天内或互动观看后 1 天内,1,actions:offsite_conversion.fb_pixel_purchase,971,1035,1.066156,19,1.0328,18.486002,20,使用广告组预算,19.14,1,1,1,1,195.06,10.19,,,OUTCOME_SALES,1202110000234
2026-09-26,2026-09-26,新销量广告系列-0923-手表1-1-新 - 广告副本,active,点击后 7 天内、浏览后 1 天内或互动观看后 1 天内,0,actions:offsite_conversion.fb_pixel_purchase,1005,1079,1.074051,19,1.0388,18.087962,20,使用广告组预算,19.52,1,1,0,0,0.0,0.0,,,OUTCOME_SALES,1202110000234
2026-09-27,2026-09-27,新销量广告系列-0923-手表1-1-新 - 广告副本,active,点击后 7 天内、浏览后 1 天内或互动观看后 1 天内,0,actions:offsite_conversion.fb_pixel_purchase,925,1001,1.081875,17,1.1575,19.598781,20,使用广告组预算,19.62,1,0,0,0,0.0,0.0,,,OUTCOME_SALES,1202110000234
2026-09-23,2026-09-23,新销量广告系列-0923-手表2-1-新,active,点击后 7 天内、浏览后 1 天内或互动观看后 1 天内,0,actions:offsite_conversion.fb_pixel_purchase,942,1104,1.172103,17,1.1944,18.088394,20,使用广告系列预算,19.97,1,1,0,0,0.0,0.0,,,OUTCOME_SALES,1202110000235
2026-09-24,2026-09-24,新销量广告系列-0923-手表2-1-新,active,点击后 7 天内、浏览后 1 天内或互动观看后 1 天内,0,actions:offsite_conversion.fb_pixel_purchase,993,1175,1.183777,18,1.1535,17.293417,20,使用广告系列预算,20.33,1,1,0,0,0.0,0.0,,,OUTCOME_SALES,1202110000235
2026-09-25,2026-09-25,新销量广告系列-0923-手表2-1-新,active,点击后 7 天内、浏览后 1 天内或互动观看后 1 天内,0,actions:offsite_conversion.fb_pixel_purchase,1057,1264,1.196401,19,1.0564,15.673902,20,使用广告系列预算,19.81,1,0,0,0,0.0,0.0,,,OUTCOME_SALES,1202110000235
2026-09-26,2026-09-26,新销量广告系列-0923-手表2-1-新,active,点击后 7 天内、浏览后 1 天内或互动观看后 1 天内,0,actions:offsite_conversion.fb_pixel_purchase,959,1160,1.209079,17,1.2035,17.677621,20,使用广告系列预算,20.5,1,0,0,0,0.0,0.0,,,OUTCOME_SALES,1202110000235
2026-09-27,2026-09-27,新销量广告系列-0923-手表2-1-新,active,点击后 7 天内、浏览后 1 天内或互动观看后 1 天内,0,actions:offsite_conversion.fb_pixel_purchase,928,1134,1.221197,16,1.1761,17.102821,20,使用广告系列预算,19.39,1,1,0,0,0.0,0.0,,,OUTCOME_SALES,1202110000235
2026-09-23,2026-09-23,新销量广告系列-0923-手表3-1-新,active,点击后 7 天内、浏览后 1 天内或互动观看后 1 天内,0,actions:offsite_conversion.fb_pixel_purchase,1660,1710,1.030263,31,1.0195,18.282925,30,使用广告组预算,31.26,1,1,0,0,0.0,0.0,,,OUTCOME_SALES,1202110000237
2026-09-24,2026-09-24,新销量广告系列-0923-手表3-1-新,active,点击后 7 天内、浏览后 1 天内或互动观看后 1 天内,0,actions:offsite_conversion.fb_pixel_purchase,1483,1531,1.03273,27,1.0753,19.063596,30,使用广告组预算,29.19,1,0,0,0,0.0,0.0,,,OUTCOME_SALES,1202110000237
2026-09-25,2026-09-25,新销量广告系列-0923-手表3-1-新,active,点击后 7 天内、浏览后 1 天内或互动观看后 1 天内,1,actions:offsite_conversion.fb_pixel_purchase,1339,1386,1.034956,24,1.1813,20.702817,30,使用广告组预算,28.69,1,1,1,1,184.75,6.44,,,OUTCOME_SALES,1202110000237
2026-09-26,2026-09-26,新销量广告系列-0923-手表3-1-新,active,点击后 7 天内、浏览后 1 天内或互动观看后 1 天内,0,actions:offsite_conversion.fb_pixel_purchase,1434,1487,1.037154,26,1.0883,18.852336,30,使用广告组预算,28.04,1,1,0,0,0.0,0.0,,,OUTCOME_SALES,1202110000237
2026-09-27,2026-09-27,新销量广告系列-0923-手表3-1-新,active,点击后 7 天内、浏览后 1 天内或互动观看后 1 天内,1,actions:offsite_conversion.fb_pixel_purchase,1644,1709,1.039603,29,1.0368,17.74696,30,使用广告组预算,30.33,2,1,1,1,189.17,6.24,,,OUTCOME_SALES,1202110000237
2026-09-23,2026-09-23,新销量广告系列-0923-毛衣1-1-新,active,点击后 7 天内、浏览后 1 天内或互动观看后 1 天内,0,actions:offsite_conversion.fb_pixel_purchase,536,676,1.260777,12,0.9167,15.928701,10,使用广告组预算,10.77,1,1,0,0,0.0,0.0,,,OUTCOME_SALES,1202110000193
2026-09-24,2026-09-24,新销量广告系列-0923-毛衣1-1-新,active,点击后 7 天内、浏览后 1 天内或互动观看后 1 天内,0,actions:offsite_conversion.fb_pixel_purchase,533,673,1.261956,12,0.8454,14.668208,10,使用广告组预算,9.87,0,0,0,0,0.0,0.0,,,OUTCOME_SALES,1202110000193
2026-09-25,2026-09-25,新销量广告系列-0923-毛衣1-1-新,active,点击后 7 天内、浏览后 1 天内或互动观看后 1 天内,0,actions:offsite_conversion.fb_pixel_purchase,482,609,1.263079,11,0.8988,15.57086,10,使用广告组预算,9.48,0,0,0,0,0.0,0.0,,,OUTCOME_SALES,1202110000193
2026-09-26,2026-09-26,新销量广告系列-0923-毛衣1-1-新,active,点击后 7 天内、浏览后 1 天内或互动观看后 1 天内,0,actions:offsite_conversion.fb_pixel_purchase,534,676,1.264205,12,0.908,15.704393,10,使用广告组预算,10.61,0,0,0,0,0.0,0.0,,,OUTCOME_SALES,1202110000193
2026-09-27,2026-09-27,新销量广告系列-0923-毛衣1-1-新,active,点击后 7 天内、浏览后 1 天内或互动观看后 1 天内,0,actions:offsite_conversion.fb_pixel_purchase,511,646,1.265364,11,0.9271,16.010988,10,使用广告组预算,10.35,1,0,0,0,0.0,0.0,,,OUTCOME_SALES,1202110000193
2026-09-23,2026-09-23,新销量广告系列-0923-毛衣1-1-新 - 广告副本,active,点击后 7 天内、浏览后 1 天内或互动观看后 1 天内,1,actions:offsite_conversion.fb_pixel_purchase,342,428,1.251261,8,0.7619,14.846476,20,使用广告组预算,6.35,1,1,1,1,81.62,12.86,,,OUTCOME_SALES,1202110000194
2026-09-24,2026-09-24,新销量广告系列-0923-毛衣1-1-新 - 广告副本,active,点击后 7 天内、浏览后 1 天内或互动观看后 1 天内,0,actions:offsite_conversion.fb_pixel_purchase,382,477,1.251452,9,0.7209,14.043961,20,使用广告组预算,6.71,1,1,0,1,0.0,0.0,,,OUTCOME_SALES,1202110000194
2026-09-25,2026-09-25,新销量广告系列-0923-毛衣1-1-新 - 广告副本,active,点击后 7 天内、浏览后 1 天内或互动观看后 1 天内,1,actions:offsite_conversion.fb_pixel_purchase,381,477,1.251654,9,0.6965,13.563993,20,使用广告组预算,6.47,1,1,1,1,76.58,11.84,,,OUTCOME_SALES,1202110000194
2026-09-26,2026-09-26,新销量广告系列-0923-毛衣1-1-新 - 广告副本,active,点击后 7 天内、浏览后 1 天内或互动观看后 1 天内,0,actions:offsite_conversion.fb_pixel_purchase,394,494,1.25186,10,0.6972,13.574867,20,使用广告组预算,6.7,0,0,0,0,0.0,0.0,,,OUTCOME_SALES,1202110000194
2026-09-27,2026-09-27,新销量广告系列-0923-毛衣1-1-新 - 广告副本,active,点击后 7 天内、浏览后 1 天内或互动观看后 1 天内,0,actions:offsite_conversion.fb_pixel_purchase,407,510,1.252072,10,0.7201,14.015864,20,使用广告组预算,7.15,1,0,0,0,0.0,0.0,,,OUTCOME_SALES,1202110000194
2026-09-23,2026-09-23,新销量广告系列-0923-毛衣2-1-新 - 广告副本,active,点击后 7 天内、浏览后 1 天内或互动观看后 1 天内,0,actions:offsite_conversion.fb_pixel_purchase,2657,2733,1.028702,50,0.802,14.581676,50,使用广告系列预算,39.86,3,1,0,0,0.0,0.0,,,OUTCOME_SALES,1202110000196
2026-09-24,2026-09-24,新销量广告系列-0923-毛衣2-1-新 - 广告副本,active,点击后 7 天内、浏览后 1 天内或互动观看后 1 天内,1,actions:offsite_conversion.fb_pixel_purchase,2379,2456,1.032312,44,0.8852,15.990611,50,使用广告系列预算,39.27,3,2,1,1,96.03,2.45,,,OUTCOME_SALES,1202110000196
2026-09-25,2026-09-25,新销量广告系列-0923-毛衣2-1-新 - 广告副本,active,点击后 7 天内、浏览后 1 天内或互动观看后 1 天内,1,actions:offsite_conversion.fb_pixel_purchase,2435,2523,1.035787,45,0.9173,16.462027,50,使用广告系列预算,41.53,3,1,1,1,104.38,2.51,,,OUTCOME_SALES,1202110000196
2026-09-26,2026-09-26,新销量广告系列-0923-毛衣2-1-新 - 广告副本,active,点击后 7 天内、浏览后 1 天内或互动观看后 1 天内,1,actions:offsite_conversion.fb_pixel_purchase,2439,2535,1.03933,45,0.8964,15.98267,50,使用广告系列预算,40.52,3,1,1,1,66.89,1.65,,,OUTCOME_SALES,1202110000196
2026-09-27,2026-09-27,新销量广告系列-0923-毛衣2-1-新 - 广告副本,active,点击后 7 天内、浏览后 1 天内或互动观看后 1 天内,1,actions:offsite_conversion.fb_pixel_purchase,2703,2820,1.043093,50,0.8396,14.86845,50,使用广告系列预算,41.92,3,1,1,1,81.02,1.93,,,OUTCOME_SALES,1202110000196
2026-09-23,2026-09-23,新销量广告系列-0923-毛衣3-1-新,active,点击后 7 天内、浏览后 1 天内或互动观看后 1 天内,1,actions:offsite_conversion.fb_pixel_purchase,1997,2189,1.096414,38,0.7495,13.022128,30,使用广告系列预算,28.51,3,2,1,1,89.76,3.15,,,OUTCOME_SALES,1202110000197
2026-09-24,2026-09-24,新销量广告系列-0923-毛衣3-1-新,active,点击后 7 天内、浏览后 1 天内或互动观看后 1 天内,0,actions:offsite_conversion.fb_pixel_purchase,1791,1967,1.098143,34,0.898,15.495718,30,使用广告系列预算,30.47,2,1,0,0,0.0,0.0,,,OUTCOME_SALES,1202110000197
2026-09-25,2026-09-25,新销量广告系列-0923-毛衣3-1-新,active,点击后 7 天内、浏览后 1 天内或互动观看后 1 天内,1,actions:offsite_conversion.fb_pixel_purchase,1972,2169,1.099866,37,0.8294,14.214686,30,使用广告系列预算,30.83,3,2,1,1,92.63,3.0,,,OUTCOME_SALES,1202110000197
2026-09-26,2026-09-26,新销量广告系列-0923-毛衣3-1-新,active,点击后 7 天内、浏览后 1 天内或互动观看后 1 天内,0,actions:offsite_conversion.fb_pixel_purchase,2044,2252,1.101712,38,0.7712,13.126265,30,使用广告系列预算,29.56,2,1,0,0,0.0,0.0,,,OUTCOME_SALES,1202110000197
2026-09-27,2026-09-27,新销量广告系列-0923-毛衣3-1-新,active,点击后 7 天内、浏览后 1 天内或互动观看后 1 天内,0,actions:offsite_conversion.fb_pixel_purchase,1917,2115,1.103538,36,0.8594,14.525011,30,使用广告系列预算,30.72,2,1,0,0,0.0,0.0,,,OUTCOME_SALES,1202110000197
2026-09-23,2026-09-23,新销量广告系列-0923-短袖T恤1-1-新,active,点击后 7 天内、浏览后 1 天内或互动观看后 1 天内,0,actions:offsite_conversion.fb_pixel_purchase,470,565,1.202364,15,0.4301,11.72839,10,使用广告组预算,6.63,1,1,0,0,0.0,0.0,,,OUTCOME_SALES,1202110000138
2026-09-24,2026-09-24,新销量广告系列-0923-短袖T恤1-1-新,active,点击后 7 天内、浏览后 1 天内或互动观看后 1 天内,1,actions:offsite_conversion.fb_pixel_purchase,501,612,1.220681,16,0.4215,11.304754,10,使用广告组预算,6.92,2,1,1,1,70.26,10.16,,,OUTCOME_SALES,1202110000138
2026-09-25,2026-09-25,新销量广告系列-0923-短袖T恤1-1-新,active,点击后 7 天内、浏览后 1 天内或互动观看后 1 天内,1,actions:offsite_conversion.fb_pixel_purchase,544,675,1.241023,18,0.4132,10.893449,10,使用广告组预算,7.35,2,1,1,1,66.23,9.01,,,OUTCOME_SALES,1202110000138
2026-09-26,2026-09-26,新销量广告系列-0923-短袖T恤1-1-新,active,点击后 7 天内、浏览后 1 天内或互动观看后 1 天内,0,actions:offsite_conversion.fb_pixel_purchase,442,557,1.260828,14,0.4742,12.30589,10,使用广告组预算,6.86,1,0,0,0,0.0,0.0,,,OUTCOME_SALES,1202110000138
2026-09-27,2026-09-27,新销量广告系列-0923-短袖T恤1-1-新,active,点击后 7 天内、浏览后 1 天内或互动观看后 1 天内,0,actions:offsite_conversion.fb_pixel_purchase,475,608,1.279845,16,0.4653,11.877323,10,使用广告组预算,7.23,1,0,0,0,0.0,0.0,,,OUTCOME_SALES,1202110000138
2026-09-23,2026-09-23,新销量广告系列-0923-短袖T恤1-1-新 - 广告副本,active,点击后 7 天内、浏览后 1 天内或互动观看后 1 天内,0,actions:offsite_conversion.fb_pixel_purchase,655,809,1.234228,21,0.4626,12.100485,30,使用广告组预算,9.79,2,1,0,1,0.0,0.0,,,OUTCOME_SALES,1202110000139
2026-09-24,2026-09-24,新销量广告系列-0923-短袖T恤1-1-新 - 广告副本,active,点击后 7 天内、浏览后 1 天内或互动观看后 1 天内,1,actions:offsite_conversion.fb_pixel_purchase,670,836,1.247445,22,0.4821,12.510212,30,使用广告组预算,10.46,2,1,1,1,49.61,4.74,,,OUTCOME_SALES,1202110000139
2026-09-25,2026-09-25,新销量广告系列-0923-短袖T恤1-1-新 - 广告副本,active,点击后 7 天内、浏览后 1 天内或互动观看后 1 天内,1,actions:offsite_conversion.fb_pixel_purchase,716,903,1.261575,23,0.4573,11.767294,30,使用广告组预算,10.63,2,1,1,1,44.98,4.23,,,OUTCOME_SALES,1202110000139
2026-09-26,2026-09-26,新销量广告系列-0923-短袖T恤1-1-新 - 广告副本,active,点击后 7 天内、浏览后 1 天内或互动观看后 1 天内,0,actions:offsite_conversion.fb_pixel_purchase,628,801,1.275579,20,0.4913,12.542769,30,使用广告组预算,10.05,1,0,0,0,0.0,0.0,,,OUTCOME_SALES,1202110000139
2026-09-27,2026-09-27,新销量广告系列-0923-短袖T恤1-1-新 - 广告副本,active,点击后 7 天内、浏览后 1 天内或互动观看后 1 天内,1,actions:offsite_conversion.fb_pixel_purchase,587,756,1.288506,19,0.5079,12.868482,30,使用广告组预算,9.73,2,1,1,1,43.91,4.51,,,OUTCOME_SALES,1202110000139
2026-09-23,2026-09-23,新销量广告系列-0923-短袖T恤2-1-新,active,点击后 7 天内、浏览后 1 天内或互动观看后 1 天内,1,actions:offsite_conversion.fb_pixel_purchase,1878,2199,1.171334,52,0.503,11.788122,25,使用广告组预算,25.93,4,2,1,1,55.37,2.14,,,OUTCOME_SALES,1202110000140
2026-09-24,2026-09-24,新销量广告系列-0923-短袖T恤2-1-新,active,点击后 7 天内、浏览后 1 天内或互动观看后 1 天内,0,actions:offsite_conversion.fb_pixel_purchase,1780,2106,1.183406,48,0.5128,11.668535,25,使用广告组预算,24.58,3,1,0,1,0.0,0.0,,,OUTCOME_SALES,1202110000140
2026-09-25,2026-09-25,新销量广告系列-0923-短袖T恤2-1-新,active,点击后 7 天内、浏览后 1 天内或互动观看后 1 天内,0,actions:offsite_conversion.fb_pixel_purchase,1763,2107,1.195341,47,0.5505,12.154757,25,使用广告组预算,25.61,3,1,0,1,0.0,0.0,,,OUTCOME_SALES,1202110000140
2026-09-26,2026-09-26,新销量广告系列-0923-短袖T恤2-1-新,active,点击后 7 天内、浏览后 1 天内或互动观看后 1 天内,1,actions:offsite_conversion.fb_pixel_purchase,1664,2008,1.207115,43,0.598,12.805077,25,使用广告组预算,25.72,4,2,1,1,69.71,2.71,,,OUTCOME_SALES,1202110000140
2026-09-27,2026-09-27,新销量广告系列-0923-短袖T恤2-1-新,active,点击后 7 天内、浏览后 1 天内或互动观看后 1 天内,0,actions:offsite_conversion.fb_pixel_purchase,1560,1901,1.218405,39,0.6553,13.602392,25,使用广告组预算,25.85,3,1,0,0,0.0,0.0,,,OUTCOME_SALES,1202110000140
2026-09-23,2026-09-23,新销量广告系列-0923-短裤1-1-新,active,点击后 7 天内、浏览后 1 天内或互动观看后 1 天内,1,actions:offsite_conversion.fb_pixel_purchase,2047,2157,1.054083,52,0.4561,10.948204,25,使用广告组预算,23.62,4,2,1,1,55.84,2.36,,,OUTCOME_SALES,1202110000173
2026-09-24,2026-09-24,新销量广告系列-0923-短裤1-1-新,active,点击后 7 天内、浏览后 1 天内或互动观看后 1 天内,1,actions:offsite_conversion.fb_pixel_purchase,2197,2324,1.057962,55,0.4589,10.940523,25,使用广告组预算,25.42,4,2,1,1,50.22,1.98,,,OUTCOME_SALES,1202110000173
2026-09-25,2026-09-25,新销量广告系列-0923-短裤1-1-新,active,点击后 7 天内、浏览后 1 天内或互动观看后 1 天内,0,actions:offsite_conversion.fb_pixel_purchase,2261,2401,1.062067,57,0.434,10.27574,25,使用广告组预算,24.67,4,1,0,0,0.0,0.0,,,OUTCOME_SALES,1202110000173
2026-09-26,2026-09-26,新销量广告系列-0923-短裤1-1-新,active,点击后 7 天内、浏览后 1 天内或互动观看后 1 天内,1,actions:offsite_conversion.fb_pixel_purchase,1864,1987,1.065894,47,0.5337,12.550204,25,使用广告组预算,24.93,3,1,1,1,60.26,2.42,,,OUTCOME_SALES,1202110000173
2026-09-27,2026-09-27,新销量广告系列-0923-短裤1-1-新,active,点击后 7 天内、浏览后 1 天内或互动观看后 1 天内,1,actions:offsite_conversion.fb_pixel_purchase,2055,2198,1.069557,51,0.4726,11.038218,25,使用广告组预算,24.26,3,1,1,1,54.17,2.23,,,OUTCOME_SALES,1202110000173
2026-09-23,2026-09-23,新销量广告系列-0923-短裤2-1-新,active,点击后 7 天内、浏览后 1 天内或互动观看后 1 天内,1,actions:offsite_conversion.fb_pixel_purchase,517,572,1.108146,15,0.5095,13.202808,10,使用广告组预算,7.56,2,1,1,1,50.93,6.74,,,OUTCOME_SALES,1202110000175
2026-09-24,2026-09-24,新销量广告系列-0923-短裤2-1-新,active,点击后 7 天内、浏览后 1 天内或互动观看后 1 天内,1,actions:offsite_conversion.fb_pixel_purchase,704,781,1.109084,20,0.4243,10.782005,10,使用广告组预算,8.42,2,1,1,1,45.38,5.39,,,OUTCOME_SALES,1202110000175
2026-09-25,2026-09-25,新销量广告系列-0923-短裤2-1-新,active,点击后 7 天内、浏览后 1 天内或互动观看后 1 天内,0,actions:offsite_conversion.fb_pixel_purchase,600,666,1.110087,17,0.4826,12.025256,10,使用广告组预算,8.01,1,0,0,0,0.0,0.0,,,OUTCOME_SALES,1202110000175
2026-09-26,2026-09-26,新销量广告系列-0923-短裤2-1-新,active,点击后 7 天内、浏览后 1 天内或互动观看后 1 天内,0,actions:offsite_conversion.fb_pixel_purchase,650,722,1.111051,18,0.4557,11.12927,10,使用广告组预算,8.03,1,0,0,0,0.0,0.0,,,OUTCOME_SALES,1202110000175
2026-09-27,2026-09-27,新销量广告系列-0923-短裤2-1-新,active,点击后 7 天内、浏览后 1 天内或互动观看后 1 天内,1,actions:offsite_conversion.fb_pixel_purchase,576,641,1.111998,15,0.5019,12.009354,10,使用广告组预算,7.69,2,1,1,1,48.71,6.33,,,OUTCOME_SALES,1202110000175
2026-09-23,2026-09-23,新销量广告系列-0923-短裤2-1-新 - 广告副本,active,点击后 7 天内、浏览后 1 天内或互动观看后 1 天内,1,actions:offsite_conversion.fb_pixel_purchase,2331,2416,1.036264,50,0.5587,11.53168,30,使用广告组预算,27.86,5,2,1,1,40.08,1.44,,,OUTCOME_SALES,1202110000176
2026-09-24,2026-09-24,新销量广告系列-0923-短裤2-1-新 - 广告副本,active,点击后 7 天内、浏览后 1 天内或互动观看后 1 天内,2,actions:offsite_conversion.fb_pixel_purchase,2715,2824,1.040153,58,0.5638,11.572914,30,使用广告组预算,32.68,6,3,2,2,94.83,2.9,,,OUTCOME_SALES,1202110000176
2026-09-25,2026-09-25,新销量广告系列-0923-短裤2-1-新 - 广告副本,active,点击后 7 天内、浏览后 1 天内或互动观看后 1 天内,1,actions:offsite_conversion.fb_pixel_purchase,2502,2613,1.044204,53,0.5914,12.074067,30,使用广告组预算,31.54,5,2,1,1,39.27,1.25,,,OUTCOME_SALES,1202110000176
2026-09-26,2026-09-26,新销量广告系列-0923-短裤2-1-新 - 广告副本,active,点击后 7 天内、浏览后 1 天内或互动观看后 1 天内,1,actions:offsite_conversion.fb_pixel_purchase,2461,2580,1.048088,52,0.5493,11.155502,30,使用广告组预算,28.78,5,2,1,1,44.39,1.54,,,OUTCOME_SALES,1202110000176
2026-09-27,2026-09-27,新销量广告系列-0923-短裤2-1-新 - 广告副本,active,点击后 7 天内、浏览后 1 天内或互动观看后 1 天内,1,actions:offsite_conversion.fb_pixel_purchase,2405,2530,1.051924,51,0.5796,11.707813,30,使用广告组预算,29.62,5,2,1,1,36.32,1.23,,,OUTCOME_SALES,1202110000176
2026-09-23,2026-09-23,新销量广告系列-0923-羽绒服1-1-新,active,点击后 7 天内、浏览后 1 天内或互动观看后 1 天内,0,actions:offsite_conversion.fb_pixel_purchase,1013,1099,1.085434,19,0.8299,14.24333,30,使用广告组预算,15.66,1,1,0,0,0.0,0.0,,,OUTCOME_SALES,1202110000198
2026-09-24,2026-09-24,新销量广告系列-0923-羽绒服1-1-新,active,点击后 7 天内、浏览后 1 天内或互动观看后 1 天内,0,actions:offsite_conversion.fb_pixel_purchase,809,879,1.086457,15,0.9728,16.65197,30,使用广告组预算,14.63,1,1,0,0,0.0,0.0,,,OUTCOME_SALES,1202110000198
2026-09-25,2026-09-25,新销量广告系列-0923-羽绒服1-1-新,active,点击后 7 天内、浏览后 1 天内或互动观看后 1 天内,0,actions:offsite_conversion.fb_pixel_purchase,946,1029,1.087444,18,0.8599,14.677085,30,使用广告组预算,15.11,1,0,0,0,0.0,0.0,,,OUTCOME_SALES,1202110000198
2026-09-26,2026-09-26,新销量广告系列-0923-羽绒服1-1-新,active,点击后 7 天内、浏览后 1 天内或互动观看后 1 天内,0,actions:offsite_conversion.fb_pixel_purchase,763,830,1.088407,14,0.9843,16.756214,30,使用广告组预算,13.91,0,0,0,0,0.0,0.0,,,OUTCOME_SALES,1202110000198
2026-09-27,2026-09-27,新销量广告系列-0923-羽绒服1-1-新,active,点击后 7 天内、浏览后 1 天内或互动观看后 1 天内,0,actions:offsite_conversion.fb_pixel_purchase,744,810,1.089257,14,1.0316,17.513559,30,使用广告组预算,14.19,0,0,0,0,0.0,0.0,,,OUTCOME_SALES,1202110000198
2026-09-23,2026-09-23,新销量广告系列-0923-羽绒服2-1-新,active,点击后 7 天内、浏览后 1 天内或互动观看后 1 天内,1,actions:offsite_conversion.fb_pixel_purchase,1889,2193,1.1612,36,1.062,17.464797,40,使用广告系列预算,38.31,2,1,1,1,187.52,4.9,,,OUTCOME_SALES,1202110000200
2026-09-24,2026-09-24,新销量广告系列-0923-羽绒服2-1-新,active,点击后 7 天内、浏览后 1 天内或互动观看后 1 天内,0,actions:offsite_conversion.fb_pixel_purchase,1688,1965,1.164465,32,1.141,18.618847,40,使用广告系列预算,36.59,1,1,0,0,0.0,0.0,,,OUTCOME_SALES,1202110000200
2026-09-25,2026-09-25,新销量广告系列-0923-羽绒服2-1-新,active,点击后 7 天内、浏览后 1 天内或互动观看后 1 天内,0,actions:offsite_conversion.fb_pixel_purchase,1979,2311,1.167832,37,1.0103,16.35586,40,使用广告系列预算,37.79,2,1,0,1,0.0,0.0,,,OUTCOME_SALES,1202110000200
2026-09-26,2026-09-26,新销量广告系列-0923-羽绒服2-1-新,active,点击后 7 天内、浏览后 1 天内或互动观看后 1 天内,1,actions:offsite_conversion.fb_pixel_purchase,1937,2269,1.171449,36,1.1259,18.082324,40,使用广告系列预算,41.03,2,1,1,1,208.7,5.09,,,OUTCOME_SALES,1202110000200
2026-09-27,2026-09-27,新销量广告系列-0923-羽绒服2-1-新,active,点击后 7 天内、浏览后 1 天内或互动观看后 1 天内,0,actions:offsite_conversion.fb_pixel_purchase,1775,2086,1.174899,33,1.2081,19.249381,40,使用广告系列预算,40.15,1,1,0,0,0.0,0.0,,,OUTCOME_SALES,1202110000200
2026-09-23,2026-09-23,新销量广告系列-0923-羽绒服2-1-新 - 广告副本,active,点击后 7 天内、浏览后 1 天内或互动观看后 1 天内,0,actions:offsite_conversion.fb_pixel_purchase,1196,1328,1.110692,24,1.0161,18.223736,25,使用广告组预算,24.21,1,0,0,0,0.0,0.0,,,OUTCOME_SALES,1202110000201
2026-09-24,2026-09-24,新销量广告系列-0923-羽绒服2-1-新 - 广告副本,active,点击后 7 天内、浏览后 1 天内或互动观看后 1 天内,0,actions:offsite_conversion.fb_pixel_purchase,1413,1571,1.112099,28,0.9092,15.948331,25,使用广告组预算,25.06,1,0,0,0,0.0,0.0,,,OUTCOME_SALES,1202110000201
2026-09-25,2026-09-25,新销量广告系列-0923-羽绒服2-1-新 - 广告副本,active,点击后 7 天内、浏览后 1 天内或互动观看后 1 天内,0,actions:offsite_conversion.fb_pixel_purchase,1366,1522,1.113602,26,0.9551,16.377356,25,使用广告组预算,24.92,1,0,0,0,0.0,0.0,,,OUTCOME_SALES,1202110000201
2026-09-26,2026-09-26,新销量广告系列-0923-羽绒服2-1-新 - 广告副本,active,点击后 7 天内、浏览后 1 天内或互动观看后 1 天内,0,actions:offsite_conversion.fb_pixel_purchase,1180,1315,1.114983,22,1.1117,18.62842,25,使用广告组预算,24.5,1,1,0,0,0.0,0.0,,,OUTCOME_SALES,1202110000201
2026-09-27,2026-09-27,新销量广告系列-0923-羽绒服2-1-新 - 广告副本,active,点击后 7 天内、浏览后 1 天内或互动观看后 1 天内,0,actions:offsite_conversion.fb_pixel_purchase,1256,1402,1.116307,23,1.0654,17.434212,25,使用广告组预算,24.44,1,1,0,0,0.0,0.0,,,OUTCOME_SALES,1202110000201
2026-09-23,2026-09-23,新销量广告系列-0923-背心1-1-新 - 广告副本,active,点击后 7 天内、浏览后 1 天内或互动观看后 1 天内,1,actions:offsite_conversion.fb_pixel_purchase,2020,2540,1.257171,60,0.3223,7.664004,20,使用广告组预算,19.46,4,2,1,1,39.62,2.04,,,OUTCOME_SALES,1202110000224
2026-09-24,2026-09-24,新销量广告系列-0923-背心1-1-新 - 广告副本,active,点击后 7 天内、浏览后 1 天内或互动观看后 1 天内,1,actions:offsite_conversion.fb_pixel_purchase,1519,2101,1.383501,48,0.3932,8.8985,20,使用广告组预算,18.69,4,2,1,1,38.6,2.06,,,OUTCOME_SALES,1202110000224
2026-09-25,2026-09-25,新销量广告系列-0923-背心1-1-新 - 广告副本,active,点击后 7 天内、浏览后 1 天内或互动观看后 1 天内,1,actions:offsite_conversion.fb_pixel_purchase,1399,2110,1.508895,46,0.4557,9.829149,20,使用广告组预算,20.74,3,1,1,1,44.61,2.15,,,OUTCOME_SALES,1202110000224
2026-09-26,2026-09-26,新销量广告系列-0923-背心1-1-新 - 广告副本,active,点击后 7 天内、浏览后 1 天内或互动观看后 1 天内,1,actions:offsite_conversion.fb_pixel_purchase,1329,2191,1.64867,45,0.4591,9.44221,20,使用广告组预算,20.69,4,2,1,1,34.94,1.69,,,OUTCOME_SALES,1202110000224
2026-09-27,2026-09-27,新销量广告系列-0923-背心1-1-新 - 广告副本,active,点击后 7 天内、浏览后 1 天内或互动观看后 1 天内,0,actions:offsite_conversion.fb_pixel_purchase,1091,1958,1.795933,39,0.5241,10.328146,20,使用广告组预算,20.23,3,1,0,1,0.0,0.0,,,OUTCOME_SALES,1202110000224
2026-09-23,2026-09-23,新销量广告系列-0923-背心2-1-新,active,点击后 7 天内、浏览后 1 天内或互动观看后 1 天内,1,actions:offsite_conversion.fb_pixel_purchase,2032,2703,1.330103,63,0.4554,10.582782,30,使用广告系列预算,28.61,5,2,1,1,41.06,1.44,,,OUTCOME_SALES,1202110000225
2026-09-24,2026-09-24,新销量广告系列-0923-背心2-1-新,active,点击后 7 天内、浏览后 1 天内或互动观看后 1 天内,1,actions:offsite_conversion.fb_pixel_purchase,2227,3122,1.401579,70,0.4608,10.386857,30,使用广告系列预算,32.42,5,2,1,1,45.53,1.4,,,OUTCOME_SALES,1202110000225
2026-09-25,2026-09-25,新销量广告系列-0923-背心2-1-新,active,点击后 7 天内、浏览后 1 天内或互动观看后 1 天内,1,actions:offsite_conversion.fb_pixel_purchase,1673,2466,1.473874,54,0.5046,11.095516,30,使用广告系列预算,27.36,4,1,1,1,40.22,1.47,,,OUTCOME_SALES,1202110000225
2026-09-26,2026-09-26,新销量广告系列-0923-背心2-1-新,active,点击后 7 天内、浏览后 1 天内或互动观看后 1 天内,1,actions:offsite_conversion.fb_pixel_purchase,1874,2898,1.546663,62,0.5002,10.701569,30,使用广告系列预算,31.01,4,1,1,1,34.58,1.11,,,OUTCOME_SALES,1202110000225
2026-09-27,2026-09-27,新销量广告系列-0923-背心2-1-新,active,点击后 7 天内、浏览后 1 天内或互动观看后 1 天内,1,actions:offsite_conversion.fb_pixel_purchase,1867,3046,1.631555,63,0.4498,9.358413,30,使用广告系列预算,28.5,5,2,1,1,35.71,1.25,,,OUTCOME_SALES,1202110000225
2026-09-23,2026-09-23,新销量广告系列-0923-背心2-1-新 - 广告副本,active,点击后 7 天内、浏览后 1 天内或互动观看后 1 天内,0,actions:offsite_conversion.fb_pixel_purchase,801,975,1.216429,23,0.4039,9.40425,20,使用广告组预算,9.17,2,1,0,0,0.0,0.0,,,OUTCOME_SALES,1202110000226
2026-09-24,2026-09-24,新销量广告系列-0923-背心2-1-新 - 广告副本,active,点击后 7 天内、浏览后 1 天内或互动观看后 1 天内,1,actions:offsite_conversion.fb_pixel_purchase,775,944,1.216986,22,0.4005,9.180962,20,使用广告组预算,8.66,2,1,1,1,38.2,4.41,,,OUTCOME_SALES,1202110000226
2026-09-25,2026-09-25,新销量广告系列-0923-背心2-1-新 - 广告副本,active,点击后 7 天内、浏览后 1 天内或互动观看后 1 天内,0,actions:offsite_conversion.fb_pixel_purchase,699,851,1.217507,19,0.4754,10.725609,20,使用广告组预算,9.13,2,1,0,0,0.0,0.0,,,OUTCOME_SALES,1202110000226
2026-09-26,2026-09-26,新销量广告系列-0923-背心2-1-新 - 广告副本,active,点击后 7 天内、浏览后 1 天内或互动观看后 1 天内,1,actions:offsite_conversion.fb_pixel_purchase,783,954,1.218031,21,0.4135,9.179994,20,使用广告组预算,8.76,2,1,1,1,30.03,3.43,,,OUTCOME_SALES,1202110000226
2026-09-27,2026-09-27,新销量广告系列-0923-背心2-1-新 - 广告副本,active,点击后 7 天内、浏览后 1 天内或互动观看后 1 天内,0,actions:offsite_conversion.fb_pixel_purchase,736,896,1.218569,20,0.4536,9.90616,20,使用广告组预算,8.88,1,0,0,0,0.0,0.0,,,OUTCOME_SALES,1202110000226
2026-09-23,2026-09-23,新销量广告系列-0923-衬衫1-1-新 - 广告副本,active,点击后 7 天内、浏览后 1 天内或互动观看后 1 天内,1,actions:offsite_conversion.fb_pixel_purchase,1173,1229,1.047191,26,0.6017,12.902163,15,使用广告组预算,15.85,2,1,1,1,75.52,4.76,,,OUTCOME_SALES,1202110000169
2026-09-24,2026-09-24,新销量广告系列-0923-衬衫1-1-新 - 广告副本,active,点击后 7 天内、浏览后 1 天内或互动观看后 1 天内,0,actions:offsite_conversion.fb_pixel_purchase,1273,1347,1.057931,28,0.5468,11.387488,15,使用广告组预算,15.33,2,1,0,0,0.0,0.0,,,OUTCOME_SALES,1202110000169
2026-09-25,2026-09-25,新销量广告系列-0923-衬衫1-1-新 - 广告副本,active,点击后 7 天内、浏览后 1 天内或互动观看后 1 天内,0,actions:offsite_conversion.fb_pixel_purchase,1125,1202,1.068671,24,0.597,12.071583,15,使用广告组预算,14.52,1,0,0,0,0.0,0.0,,,OUTCOME_SALES,1202110000169
2026-09-26,2026-09-26,新销量广告系列-0923-衬衫1-1-新 - 广告副本,active,点击后 7 天内、浏览后 1 天内或互动观看后 1 天内,1,actions:offsite_conversion.fb_pixel_purchase,1191,1286,1.07926,25,0.5805,11.388486,15,使用广告组预算,14.64,2,1,1,1,99.11,6.77,,,OUTCOME_SALES,1202110000169
2026-09-27,2026-09-27,新销量广告系列-0923-衬衫1-1-新 - 广告副本,active,点击后 7 天内、浏览后 1 天内或互动观看后 1 天内,0,actions:offsite_conversion.fb_pixel_purchase,1062,1158,1.089763,22,0.6465,12.302575,15,使用广告组预算,14.24,1,1,0,0,0.0,0.0,,,OUTCOME_SALES,1202110000169
2026-09-23,2026-09-23,新销量广告系列-0923-衬衫2-1-新 - 广告副本,active,点击后 7 天内、浏览后 1 天内或互动观看后 1 天内,1,actions:offsite_conversion.fb_pixel_purchase,2251,2523,1.120851,53,0.5355,11.152193,30,使用广告组预算,28.14,4,2,1,1,65.04,2.31,,,OUTCOME_SALES,1202110000171
2026-09-24,2026-09-24,新销量广告系列-0923-衬衫2-1-新 - 广告副本,active,点击后 7 天内、浏览后 1 天内或互动观看后 1 天内,0,actions:offsite_conversion.fb_pixel_purchase,2216,2492,1.124432,51,0.5894,12.016155,30,使用广告组预算,29.94,3,1,0,0,0.0,0.0,,,OUTCOME_SALES,1202110000171
2026-09-25,2026-09-25,新销量广告系列-0923-衬衫2-1-新 - 广告副本,active,点击后 7 天内、浏览后 1 天内或互动观看后 1 天内,1,actions:offsite_conversion.fb_pixel_purchase,2270,2561,1.128051,51,0.6203,12.374412,30,使用广告组预算,31.69,3,2,1,1,67.0,2.11,,,OUTCOME_SALES,1202110000171
2026-09-26,2026-09-26,新销量广告系列-0923-衬衫2-1-新 - 广告副本,active,点击后 7 天内、浏览后 1 天内或互动观看后 1 天内,1,actions:offsite_conversion.fb_pixel_purchase,2659,3010,1.132054,59,0.536,10.455699,30,使用广告组预算,31.47,4,2,1,1,59.12,1.88,,,OUTCOME_SALES,1202110000171
2026-09-27,2026-09-27,新销量广告系列-0923-衬衫2-1-新 - 广告副本,active,点击后 7 天内、浏览后 1 天内或互动观看后 1 天内,0,actions:offsite_conversion.fb_pixel_purchase,2013,2286,1.135874,44,0.6628,12.640063,30,使用广告组预算,28.9,2,1,0,0,0.0,0.0,,,OUTCOME_SALES,1202110000171
2026-09-23,2026-09-23,新销量广告系列-0923-衬衫3-1-新,active,点击后 7 天内、浏览后 1 天内或互动观看后 1 天内,1,actions:offsite_conversion.fb_pixel_purchase,1688,2108,1.248318,46,0.5724,12.372659,25,使用广告系列预算,26.08,4,1,1,1,72.07,2.76,,,OUTCOME_SALES,1202110000172
2026-09-24,2026-09-24,新销量广告系列-0923-衬衫3-1-新,active,点击后 7 天内、浏览后 1 天内或互动观看后 1 天内,1,actions:offsite_conversion.fb_pixel_purchase,1593,1991,1.249856,42,0.5688,12.134313,25,使用广告系列预算,24.16,4,2,1,1,57.35,2.37,,,OUTCOME_SALES,1202110000172
2026-09-25,2026-09-25,新销量广告系列-0923-衬衫3-1-新,active,点击后 7 天内、浏览后 1 天内或互动观看后 1 天内,1,actions:offsite_conversion.fb_pixel_purchase,1654,2070,1.251382,44,0.6019,12.67059,25,使用广告系列预算,26.22,4,2,1,1,75.33,2.87,,,OUTCOME_SALES,1202110000172
2026-09-26,2026-09-26,新销量广告系列-0923-衬衫3-1-新,active,点击后 7 天内、浏览后 1 天内或互动观看后 1 天内,1,actions:offsite_conversion.fb_pixel_purchase,1661,2081,1.252943,43,0.5884,12.218436,25,使用广告系列预算,25.43,4,2,1,1,74.85,2.94,,,OUTCOME_SALES,1202110000172
2026-09-27,2026-09-27,新销量广告系列-0923-衬衫3-1-新,active,点击后 7 天内、浏览后 1 天内或互动观看后 1 天内,1,actions:offsite_conversion.fb_pixel_purchase,1699,2132,1.25453,44,0.5678,11.629946,25,使用广告系列预算,24.79,3,1,1,1,66.1,2.67,,,OUTCOME_SALES,1202110000172
2026-09-23,2026-09-23,新销量广告系列-0923-袜子1-1-新,active,点击后 7 天内、浏览后 1 天内或互动观看后 1 天内,1,actions:offsite_conversion.fb_pixel_purchase,901,953,1.05784,28,0.3437,10.139148,20,使用广告组预算,9.66,3,1,1,1,33.72,3.49,,,OUTCOME_SALES,1202110000183
2026-09-24,2026-09-24,新销量广告系列-0923-袜子1-1-新,active,点击后 7 天内、浏览后 1 天内或互动观看后 1 天内,1,actions:offsite_conversion.fb_pixel_purchase,860,926,1.076056,27,0.3569,10.347044,20,使用广告组预算,9.58,3,1,1,1,26.2,2.73,,,OUTCOME_SALES,1202110000183
2026-09-25,2026-09-25,新销量广告系列-0923-袜子1-1-新,active,点击后 7 天内、浏览后 1 天内或互动观看后 1 天内,1,actions:offsite_conversion.fb_pixel_purchase,947,1038,1.095426,30,0.3203,9.117488,20,使用广告组预算,9.46,3,2,1,1,36.04,3.81,,,OUTCOME_SALES,1202110000183
2026-09-26,2026-09-26,新销量广告系列-0923-袜子1-1-新,active,点击后 7 天内、浏览后 1 天内或互动观看后 1 天内,1,actions:offsite_conversion.fb_pixel_purchase,931,1039,1.116297,29,0.3129,8.746426,20,使用广告组预算,9.09,3,2,1,1,25.25,2.78,,,OUTCOME_SALES,1202110000183
2026-09-27,2026-09-27,新销量广告系列-0923-袜子1-1-新,active,点击后 7 天内、浏览后 1 天内或互动观看后 1 天内,1,actions:offsite_conversion.fb_pixel_purchase,832,946,1.136617,26,0.334,9.172943,20,使用广告组预算,8.67,3,2,1,1,27.42,3.16,,,OUTCOME_SALES,1202110000183
2026-09-23,2026-09-23,新销量广告系列-0923-袜子1-1-新 - 广告副本,active,点击后 7 天内、浏览后 1 天内或互动观看后 1 天内,3,actions:offsite_conversion.fb_pixel_purchase,2535,2737,1.079723,96,0.2368,8.33436,25,使用广告系列预算,22.81,9,4,3,3,73.85,3.24,,,OUTCOME_SALES,1202110000184
2026-09-24,2026-09-24,新销量广告系列-0923-袜子1-1-新 - 广告副本,active,点击后 7 天内、浏览后 1 天内或互动观看后 1 天内,4,actions:offsite_conversion.fb_pixel_purchase,2909,3161,1.08645,109,0.2328,8.056222,25,使用广告系列预算,25.46,10,5,4,4,121.18,4.76,,,OUTCOME_SALES,1202110000184
2026-09-25,2026-09-25,新销量广告系列-0923-袜子1-1-新 - 广告副本,active,点击后 7 天内、浏览后 1 天内或互动观看后 1 天内,3,actions:offsite_conversion.fb_pixel_purchase,2555,2793,1.093285,95,0.2522,8.585409,25,使用广告系列预算,23.98,9,5,3,3,82.78,3.45,,,OUTCOME_SALES,1202110000184
2026-09-26,2026-09-26,新销量广告系列-0923-袜子1-1-新 - 广告副本,active,点击后 7 天内、浏览后 1 天内或互动观看后 1 天内,3,actions:offsite_conversion.fb_pixel_purchase,2617,2878,1.099835,96,0.2493,8.343812,25,使用广告系列预算,24.01,9,4,3,3,72.23,3.01,,,OUTCOME_SALES,1202110000184
2026-09-27,2026-09-27,新销量广告系列-0923-袜子1-1-新 - 广告副本,active,点击后 7 天内、浏览后 1 天内或互动观看后 1 天内,2,actions:offsite_conversion.fb_pixel_purchase,2461,2722,1.106341,90,0.2748,9.042908,25,使用广告系列预算,24.62,8,4,2,2,50.48,2.05,,,OUTCOME_SALES,1202110000184
2026-09-23,2026-09-23,新销量广告系列-0923-袜子2-1-新 - 广告副本,active,点击后 7 天内、浏览后 1 天内或互动观看后 1 天内,0,actions:offsite_conversion.fb_pixel_purchase,1003,1173,1.169229,29,0.3357,8.384949,15,使用广告系列预算,9.83,3,1,0,0,0.0,0.0,,,OUTCOME_SALES,1202110000186
2026-09-24,2026-09-24,新销量广告系列-0923-袜子2-1-新 - 广告副本,active,点击后 7 天内、浏览后 1 天内或互动观看后 1 天内,1,actions:offsite_conversion.fb_pixel_purchase,1016,1188,1.169659,29,0.3597,8.864824,15,使用广告系列预算,10.53,3,1,1,1,31.05,2.95,,,OUTCOME_SALES,1202110000186
2026-09-25,2026-09-25,新销量广告系列-0923-袜子2-1-新 - 广告副本,active,点击后 7 天内、浏览后 1 天内或互动观看后 1 天内,1,actions:offsite_conversion.fb_pixel_purchase,1007,1179,1.170089,29,0.349,8.485732,15,使用广告系列预算,10.0,3,2,1,1,25.34,2.53,,,OUTCOME_SALES,1202110000186
2026-09-26,2026-09-26,新销量广告系列-0923-袜子2-1-新 - 广告副本,active,点击后 7 天内、浏览后 1 天内或互动观看后 1 天内,1,actions:offsite_conversion.fb_pixel_purchase,887,1038,1.170493,25,0.3889,9.324892,15,使用广告系列预算,9.68,3,2,1,1,26.35,2.72,,,OUTCOME_SALES,1202110000186
2026-09-27,2026-09-27,新销量广告系列-0923-袜子2-1-新 - 广告副本,active,点击后 7 天内、浏览后 1 天内或互动观看后 1 天内,1,actions:offsite_conversion.fb_pixel_purchase,1002,1174,1.170896,28,0.3835,9.067034,15,使用广告系列预算,10.64,3,2,1,1,32.23,3.03,,,OUTCOME_SALES,1202110000186
2026-09-23,2026-09-23,新销量广告系列-0923-西装2-1-新,active,点击后 7 天内、浏览后 1 天内或互动观看后 1 天内,0,actions:offsite_conversion.fb_pixel_purchase,845,997,1.179942,14,1.5094,21.174386,20,使用广告组预算,21.1,1,0,0,0,0.0,0.0,,,OUTCOME_SALES,1202110000205
2026-09-24,2026-09-24,新销量广告系列-0923-西装2-1-新,active,点击后 7 天内、浏览后 1 天内或互动观看后 1 天内,1,actions:offsite_conversion.fb_pixel_purchase,951,1123,1.180722,16,1.3017,18.215614,20,使用广告组预算,20.46,1,1,1,1,182.27,8.91,,,OUTCOME_SALES,1202110000205
2026-09-25,2026-09-25,新销量广告系列-0923-西装2-1-新,active,点击后 7 天内、浏览后 1 天内或互动观看后 1 天内,0,actions:offsite_conversion.fb_pixel_purchase,992,1172,1.181567,16,1.2286,17.14784,20,使用广告组预算,20.1,0,0,0,0,0.0,0.0,,,OUTCOME_SALES,1202110000205
2026-09-26,2026-09-26,新销量广告系列-0923-西装2-1-新,active,点击后 7 天内、浏览后 1 天内或互动观看后 1 天内,0,actions:offsite_conversion.fb_pixel_purchase,895,1058,1.182388,15,1.4021,19.520169,20,使用广告组预算,20.65,1,1,0,0,0.0,0.0,,,OUTCOME_SALES,1202110000205
2026-09-27,2026-09-27,新销量广告系列-0923-西装2-1-新,active,点击后 7 天内、浏览后 1 天内或互动观看后 1 天内,1,actions:offsite_conversion.fb_pixel_purchase,885,1047,1.183164,15,1.3706,19.033979,20,使用广告组预算,19.93,1,1,1,1,151.56,7.61,,,OUTCOME_SALES,1202110000205
2026-09-23,2026-09-23,新销量广告系列-0923-西装2-1-新 - 广告副本,active,点击后 7 天内、浏览后 1 天内或互动观看后 1 天内,1,actions:offsite_conversion.fb_pixel_purchase,950,1120,1.178649,20,1.0271,18.101957,20,使用广告组预算,20.27,1,1,1,1,137.35,6.78,,,OUTCOME_SALES,1202110000206
2026-09-24,2026-09-24,新销量广告系列-0923-西装2-1-新 - 广告副本,active,点击后 7 天内、浏览后 1 天内或互动观看后 1 天内,0,actions:offsite_conversion.fb_pixel_purchase,1079,1272,1.179672,22,0.9253,16.116562,20,使用广告组预算,20.51,1,0,0,0,0.0,0.0,,,OUTCOME_SALES,1202110000206
2026-09-25,2026-09-25,新销量广告系列-0923-西装2-1-新 - 广告副本,active,点击后 7 天内、浏览后 1 天内或互动观看后 1 天内,0,actions:offsite_conversion.fb_pixel_purchase,898,1060,1.180671,18,1.0581,18.211941,20,使用广告组预算,19.31,1,0,0,0,0.0,0.0,,,OUTCOME_SALES,1202110000206
2026-09-26,2026-09-26,新销量广告系列-0923-西装2-1-新 - 广告副本,active,点击后 7 天内、浏览后 1 天内或互动观看后 1 天内,0,actions:offsite_conversion.fb_pixel_purchase,917,1083,1.181589,18,1.0637,18.089856,20,使用广告组预算,19.59,1,0,0,0,0.0,0.0,,,OUTCOME_SALES,1202110000206
2026-09-27,2026-09-27,新销量广告系列-0923-西装2-1-新 - 广告副本,active,点击后 7 天内、浏览后 1 天内或互动观看后 1 天内,0,actions:offsite_conversion.fb_pixel_purchase,939,1111,1.18253,19,1.0603,17.814322,20,使用广告组预算,19.79,1,0,0,0,0.0,0.0,,,OUTCOME_SALES,1202110000206
2026-09-23,2026-09-23,新销量广告系列-0923-西装3-1-新,active,点击后 7 天内、浏览后 1 天内或互动观看后 1 天内,1,actions:offsite_conversion.fb_pixel_purchase,1212,1429,1.179556,26,1.1129,19.864138,30,使用广告系列预算,28.39,1,1,1,1,117.48,4.14,,,OUTCOME_SALES,1202110000207
2026-09-24,2026-09-24,新销量广告系列-0923-西装3-1-新,active,点击后 7 天内、浏览后 1 天内或互动观看后 1 天内,0,actions:offsite_conversion.fb_pixel_purchase,1343,1585,1.18062,28,1.0827,18.859235,30,使用广告系列预算,29.9,1,1,0,1,0.0,0.0,,,OUTCOME_SALES,1202110000207
2026-09-25,2026-09-25,新销量广告系列-0923-西装3-1-新,active,点击后 7 天内、浏览后 1 天内或互动观看后 1 天内,1,actions:offsite_conversion.fb_pixel_purchase,1439,1700,1.181782,29,1.0401,17.667412,30,使用广告系列预算,30.04,2,1,1,1,154.28,5.14,,,OUTCOME_SALES,1202110000207
2026-09-26,2026-09-26,新销量广告系列-0923-西装3-1-新,active,点击后 7 天内、浏览后 1 天内或互动观看后 1 天内,0,actions:offsite_conversion.fb_pixel_purchase,1424,1684,1.18298,28,1.071,17.731013,30,使用广告系列预算,29.86,1,0,0,0,0.0,0.0,,,OUTCOME_SALES,1202110000207
2026-09-27,2026-09-27,新销量广告系列-0923-西装3-1-新,active,点击后 7 天内、浏览后 1 天内或互动观看后 1 天内,0,actions:offsite_conversion.fb_pixel_purchase,1508,1786,1.184209,29,1.089,17.56043,30,使用广告系列预算,31.37,1,0,0,0,0.0,0.0,,,OUTCOME_SALES,1202110000207
2026-09-23,2026-09-23,新销量广告系列-0923-运动裤1-1-新,active,点击后 7 天内、浏览后 1 天内或互动观看后 1 天内,0,actions:offsite_conversion.fb_pixel_purchase,528,683,1.294217,13,0.6507,12.384418,20,使用广告系列预算,8.46,1,0,0,0,0.0,0.0,,,OUTCOME_SALES,1202110000218
2026-09-24,2026-09-24,新销量广告系列-0923-运动裤1-1-新,active,点击后 7 天内、浏览后 1 天内或互动观看后 1 天内,1,actions:offsite_conversion.fb_pixel_purchase,595,771,1.295094,14,0.6292,11.729191,20,使用广告系列预算,9.04,2,1,1,1,61.5,6.8,,,OUTCOME_SALES,1202110000218
2026-09-25,2026-09-25,新销量广告系列-0923-运动裤1-1-新,active,点击后 7 天内、浏览后 1 天内或互动观看后 1 天内,1,actions:offsite_conversion.fb_pixel_purchase,518,671,1.295965,12,0.7291,13.306918,20,使用广告系列预算,8.93,1,1,1,1,90.74,10.16,,,OUTCOME_SALES,1202110000218
2026-09-26,2026-09-26,新销量广告系列-0923-运动裤1-1-新,active,点击后 7 天内、浏览后 1 天内或互动观看后 1 天内,0,actions:offsite_conversion.fb_pixel_purchase,561,728,1.296809,13,0.6909,12.33986,20,使用广告系列预算,8.98,1,0,0,0,0.0,0.0,,,OUTCOME_SALES,1202110000218
2026-09-27,2026-09-27,新销量广告系列-0923-运动裤1-1-新,active,点击后 7 天内、浏览后 1 天内或互动观看后 1 天内,0,actions:offsite_conversion.fb_pixel_purchase,515,668,1.297653,12,0.7828,13.676492,20,使用广告系列预算,9.14,1,0,0,0,0.0,0.0,,,OUTCOME_SALES,1202110000218
2026-09-23,2026-09-23,新销量广告系列-0923-运动裤2-1-新,active,点击后 7 天内、浏览后 1 天内或互动观看后 1 天内,0,actions:offsite_conversion.fb_pixel_purchase,1143,1373,1.201846,25,0.6186,11.422105,15,使用广告组预算,15.68,2,1,0,0,0.0,0.0,,,OUTCOME_SALES,1202110000220
2026-09-24,2026-09-24,新销量广告系列-0923-运动裤2-1-新,active,点击后 7 天内、浏览后 1 天内或互动观看后 1 天内,1,actions:offsite_conversion.fb_pixel_purchase,1081,1301,1.203547,24,0.7016,12.721677,15,使用广告组预算,16.55,2,1,1,1,69.77,4.22,,,OUTCOME_SALES,1202110000220
2026-09-25,2026-09-25,新销量广告系列-0923-运动裤2-1-新,active,点击后 7 天内、浏览后 1 天内或互动观看后 1 天内,0,actions:offsite_conversion.fb_pixel_purchase,965,1163,1.205116,21,0.7059,12.566105,15,使用广告组预算,14.61,1,0,0,0,0.0,0.0,,,OUTCOME_SALES,1202110000220
2026-09-26,2026-09-26,新销量广告系列-0923-运动裤2-1-新,active,点击后 7 天内、浏览后 1 天内或互动观看后 1 天内,1,actions:offsite_conversion.fb_pixel_purchase,1006,1214,1.206631,21,0.6955,12.150483,15,使用广告组预算,14.75,2,1,1,1,77.0,5.22,,,OUTCOME_SALES,1202110000220
2026-09-27,2026-09-27,新销量广告系列-0923-运动裤2-1-新,active,点击后 7 天内、浏览后 1 天内或互动观看后 1 天内,1,actions:offsite_conversion.fb_pixel_purchase,1130,1366,1.208278,23,0.6667,11.426691,15,使用广告组预算,15.6,2,1,1,1,71.62,4.59,,,OUTCOME_SALES,1202110000220
2026-09-23,2026-09-23,新销量广告系列-0923-运动裤2-1-新 - 广告副本,active,点击后 7 天内、浏览后 1 天内或互动观看后 1 天内,1,actions:offsite_conversion.fb_pixel_purchase,1087,1217,1.119521,25,0.576,11.795028,20,使用广告组预算,14.35,2,1,1,1,97.24,6.78,,,OUTCOME_SALES,1202110000221
2026-09-24,2026-09-24,新销量广告系列-0923-运动裤2-1-新 - 广告副本,active,点击后 7 天内、浏览后 1 天内或互动观看后 1 天内,1,actions:offsite_conversion.fb_pixel_purchase,1254,1405,1.120324,29,0.5201,10.585711,20,使用广告组预算,14.87,2,1,1,1,73.9,4.97,,,OUTCOME_SALES,1202110000221
2026-09-25,2026-09-25,新销量广告系列-0923-运动裤2-1-新 - 广告副本,active,点击后 7 天内、浏览后 1 天内或互动观看后 1 天内,0,actions:offsite_conversion.fb_pixel_purchase,1360,1525,1.121223,31,0.5169,10.457599,20,使用广告组预算,15.95,2,1,0,0,0.0,0.0,,,OUTCOME_SALES,1202110000221
2026-09-26,2026-09-26,新销量广告系列-0923-运动裤2-1-新 - 广告副本,active,点击后 7 天内、浏览后 1 天内或互动观看后 1 天内,0,actions:offsite_conversion.fb_pixel_purchase,1162,1304,1.12209,26,0.5683,11.427524,20,使用广告组预算,14.9,2,1,0,0,0.0,0.0,,,OUTCOME_SALES,1202110000221
2026-09-27,2026-09-27,新销量广告系列-0923-运动裤2-1-新 - 广告副本,active,点击后 7 天内、浏览后 1 天内或互动观看后 1 天内,0,actions:offsite_conversion.fb_pixel_purchase,1254,1408,1.122923,28,0.5687,11.36387,20,使用广告组预算,16.0,2,1,0,0,0.0,0.0,,,OUTCOME_SALES,1202110000221
2026-09-23,2026-09-23,新销量广告系列-0923-运动裤3-1-新,active,点击后 7 天内、浏览后 1 天内或互动观看后 1 天内,0,actions:offsite_conversion.fb_pixel_purchase,401,454,1.133386,10,0.5718,12.801712,10,使用广告组预算,5.81,0,0,0,0,0.0,0.0,,,OUTCOME_SALES,1202110000222
2026-09-24,2026-09-24,新销量广告系列-0923-运动裤3-1-新,active,点击后 7 天内、浏览后 1 天内或互动观看后 1 天内,0,actions:offsite_conversion.fb_pixel_purchase,440,499,1.133599,11,0.5353,11.799838,10,使用广告组预算,5.88,1,1,0,1,0.0,0.0,,,OUTCOME_SALES,1202110000222
2026-09-25,2026-09-25,新销量广告系列-0923-运动裤3-1-新,active,点击后 7 天内、浏览后 1 天内或互动观看后 1 天内,0,actions:offsite_conversion.fb_pixel_purchase,359,408,1.133802,9,0.6299,13.668332,10,使用广告组预算,5.57,0,0,0,0,0.0,0.0,,,OUTCOME_SALES,1202110000222
2026-09-26,2026-09-26,新销量广告系列-0923-运动裤3-1-新,active,点击后 7 天内、浏览后 1 天内或互动观看后 1 天内,0,actions:offsite_conversion.fb_pixel_purchase,360,408,1.133985,9,0.6187,13.212028,10,使用广告组预算,5.39,1,1,0,1,0.0,0.0,,,OUTCOME_SALES,1202110000222
2026-09-27,2026-09-27,新销量广告系列-0923-运动裤3-1-新,active,点击后 7 天内、浏览后 1 天内或互动观看后 1 天内,0,actions:offsite_conversion.fb_pixel_purchase,393,446,1.134176,9,0.6014,12.635168,10,使用广告组预算,5.63,0,0,0,0,0.0,0.0,,,OUTCOME_SALES,1202110000222
2026-09-23,2026-09-23,新销量广告系列-0923-连衣裙1-1-新,active,点击后 7 天内、浏览后 1 天内或互动观看后 1 天内,0,actions:offsite_conversion.fb_pixel_purchase,1473,1684,1.14347,39,0.6685,15.602161,25,使用广告系列预算,26.28,2,0,0,0,0.0,0.0,,,OUTCOME_SALES,1202110000158
2026-09-24,2026-09-24,新销量广告系列-0923-连衣裙1-1-新,active,点击后 7 天内、浏览后 1 天内或互动观看后 1 天内,0,actions:offsite_conversion.fb_pixel_purchase,1434,1642,1.144933,38,0.631,14.577571,25,使用广告系列预算,23.94,2,1,0,0,0.0,0.0,,,OUTCOME_SALES,1202110000158
2026-09-25,2026-09-25,新销量广告系列-0923-连衣裙1-1-新,active,点击后 7 天内、浏览后 1 天内或互动观看后 1 天内,0,actions:offsite_conversion.fb_pixel_purchase,1195,1369,1.14626,31,0.7696,17.597728,25,使用广告系列预算,24.1,2,0,0,0,0.0,0.0,,,OUTCOME_SALES,1202110000158
2026-09-26,2026-09-26,新销量广告系列-0923-连衣裙1-1-新,active,点击后 7 天内、浏览后 1 天内或互动观看后 1 天内,1,actions:offsite_conversion.fb_pixel_purchase,1459,1674,1.147601,38,0.6387,14.451631,25,使用广告系列预算,24.19,3,1,1,1,97.16,4.02,,,OUTCOME_SALES,1202110000158
2026-09-27,2026-09-27,新销量广告系列-0923-连衣裙1-1-新,active,点击后 7 天内、浏览后 1 天内或互动观看后 1 天内,1,actions:offsite_conversion.fb_pixel_purchase,1383,1589,1.149042,36,0.6417,14.368082,25,使用广告系列预算,22.83,2,1,1,1,97.83,4.28,,,OUTCOME_SALES,1202110000158
2026-09-23,2026-09-23,新销量广告系列-0923-连衣裙1-1-新 - 广告副本,active,点击后 7 天内、浏览后 1 天内或互动观看后 1 天内,1,actions:offsite_conversion.fb_pixel_purchase,1305,1475,1.13048,48,0.4881,15.765642,25,使用广告系列预算,23.26,4,2,1,1,107.85,4.64,,,OUTCOME_SALES,1202110000159
2026-09-24,2026-09-24,新销量广告系列-0923-连衣裙1-1-新 - 广告副本,active,点击后 7 天内、浏览后 1 天内或互动观看后 1 天内,1,actions:offsite_conversion.fb_pixel_purchase,1559,1765,1.132083,56,0.4566,14.584588,25,使用广告系列预算,25.74,5,3,1,2,91.38,3.55,,,OUTCOME_SALES,1202110000159
2026-09-25,2026-09-25,新销量广告系列-0923-连衣裙1-1-新 - 广告副本,active,点击后 7 天内、浏览后 1 天内或互动观看后 1 天内,1,actions:offsite_conversion.fb_pixel_purchase,1340,1519,1.133709,48,0.5251,16.586942,25,使用广告系列预算,25.2,4,2,1,1,78.91,3.13,,,OUTCOME_SALES,1202110000159
2026-09-26,2026-09-26,新销量广告系列-0923-连衣裙1-1-新 - 广告副本,active,点击后 7 天内、浏览后 1 天内或互动观看后 1 天内,1,actions:offsite_conversion.fb_pixel_purchase,1371,1556,1.135235,49,0.5117,15.981556,25,使用广告系列预算,24.87,4,2,1,1,75.82,3.05,,,OUTCOME_SALES,1202110000159
2026-09-27,2026-09-27,新销量广告系列-0923-连衣裙1-1-新 - 广告副本,active,点击后 7 天内、浏览后 1 天内或互动观看后 1 天内,1,actions:offsite_conversion.fb_pixel_purchase,1246,1417,1.136711,44,0.5605,17.306399,25,使用广告系列预算,24.52,4,2,1,1,81.61,3.33,,,OUTCOME_SALES,1202110000159
2026-09-23,2026-09-23,新销量广告系列-0923-连衣裙2-1-新,active,点击后 7 天内、浏览后 1 天内或互动观看后 1 天内,0,actions:offsite_conversion.fb_pixel_purchase,805,1034,1.284627,26,0.5774,14.466054,15,使用广告组预算,14.95,2,1,0,1,0.0,0.0,,,OUTCOME_SALES,1202110000160
2026-09-24,2026-09-24,新销量广告系列-0923-连衣裙2-1-新,active,点击后 7 天内、浏览后 1 天内或互动观看后 1 天内,1,actions:offsite_conversion.fb_pixel_purchase,707,914,1.292475,23,0.6461,16.054479,15,使用广告组预算,14.67,3,1,1,1,112.79,7.69,,,OUTCOME_SALES,1202110000160
2026-09-25,2026-09-25,新销量广告系列-0923-连衣裙2-1-新,active,点击后 7 天内、浏览后 1 天内或互动观看后 1 天内,0,actions:offsite_conversion.fb_pixel_purchase,697,907,1.299854,22,0.6447,15.891441,15,使用广告组预算,14.41,2,1,0,0,0.0,0.0,,,OUTCOME_SALES,1202110000160
2026-09-26,2026-09-26,新销量广告系列-0923-连衣裙2-1-新,active,点击后 7 天内、浏览后 1 天内或互动观看后 1 天内,1,actions:offsite_conversion.fb_pixel_purchase,675,883,1.307149,22,0.6814,16.658757,15,使用广告组预算,14.71,2,1,1,1,105.16,7.15,,,OUTCOME_SALES,1202110000160
2026-09-27,2026-09-27,新销量广告系列-0923-连衣裙2-1-新,active,点击后 7 天内、浏览后 1 天内或互动观看后 1 天内,0,actions:offsite_conversion.fb_pixel_purchase,676,888,1.314409,22,0.6623,16.06152,15,使用广告组预算,14.26,2,1,0,0,0.0,0.0,,,OUTCOME_SALES,1202110000160
2026-09-23,2026-09-23,新销量广告系列-0923-连衣裙3-1-新,active,点击后 7 天内、浏览后 1 天内或互动观看后 1 天内,1,actions:offsite_conversion.fb_pixel_purchase,1234,1400,1.134139,44,0.4347,13.613534,25,使用广告组预算,19.05,3,1,1,1,115.69,6.07,,,OUTCOME_SALES,1202110000162
2026-09-24,2026-09-24,新销量广告系列-0923-连衣裙3-1-新,active,点击后 7 天内、浏览后 1 天内或互动观看后 1 天内,1,actions:offsite_conversion.fb_pixel_purchase,1159,1315,1.134989,41,0.4433,13.742526,25,使用广告组预算,18.08,3,1,1,1,81.96,4.53,,,OUTCOME_SALES,1202110000162
2026-09-25,2026-09-25,新销量广告系列-0923-连衣裙3-1-新,active,点击后 7 天内、浏览后 1 天内或互动观看后 1 天内,1,actions:offsite_conversion.fb_pixel_purchase,1164,1322,1.135816,41,0.4452,13.663598,25,使用广告组预算,18.06,3,1,1,1,109.88,6.08,,,OUTCOME_SALES,1202110000162
2026-09-26,2026-09-26,新销量广告系列-0923-连衣裙3-1-新,active,点击后 7 天内、浏览后 1 天内或互动观看后 1 天内,1,actions:offsite_conversion.fb_pixel_purchase,1088,1237,1.136618,38,0.5117,15.542607,25,使用广告组预算,19.22,3,1,1,1,112.01,5.83,,,OUTCOME_SALES,1202110000162
2026-09-27,2026-09-27,新销量广告系列-0923-连衣裙3-1-新,active,点击后 7 天内、浏览后 1 天内或互动观看后 1 天内,1,actions:offsite_conversion.fb_pixel_purchase,922,1049,1.137335,32,0.5514,16.576002,25,使用广告组预算,17.38,2,1,1,1,89.75,5.16,,,OUTCOME_SALES,1202110000162
2026-09-23,2026-09-23,新销量广告系列-0923-长裤1-1-新 - 广告副本,active,点击后 7 天内、浏览后 1 天内或互动观看后 1 天内,1,actions:offsite_conversion.fb_pixel_purchase,2166,2283,1.054001,47,0.6377,13.225219,30,使用广告组预算,30.19,4,2,1,1,113.88,3.77,,,OUTCOME_SALES,1202110000149
2026-09-24,2026-09-24,新销量广告系列-0923-长裤1-1-新 - 广告副本,active,点击后 7 天内、浏览后 1 天内或互动观看后 1 天内,1,actions:offsite_conversion.fb_pixel_purchase,2353,2486,1.05655,51,0.6057,12.446743,30,使用广告组预算,30.94,4,2,1,1,97.45,3.15,,,OUTCOME_SALES,1202110000149
2026-09-25,2026-09-25,新销量广告系列-0923-长裤1-1-新 - 广告副本,active,点击后 7 天内、浏览后 1 天内或互动观看后 1 天内,1,actions:offsite_conversion.fb_pixel_purchase,2192,2322,1.059125,47,0.6469,13.172394,30,使用广告组预算,30.58,4,2,1,1,78.02,2.55,,,OUTCOME_SALES,1202110000149
2026-09-26,2026-09-26,新销量广告系列-0923-长裤1-1-新 - 广告副本,active,点击后 7 天内、浏览后 1 天内或互动观看后 1 天内,1,actions:offsite_conversion.fb_pixel_purchase,2168,2301,1.061608,46,0.6401,12.9155,30,使用广告组预算,29.72,4,2,1,1,123.93,4.17,,,OUTCOME_SALES,1202110000149
2026-09-27,2026-09-27,新销量广告系列-0923-长裤1-1-新 - 广告副本,active,点击后 7 天内、浏览后 1 天内或互动观看后 1 天内,1,actions:offsite_conversion.fb_pixel_purchase,2092,2226,1.064045,45,0.6939,13.87299,30,使用广告组预算,30.88,4,1,1,1,138.7,4.49,,,OUTCOME_SALES,1202110000149
2026-09-23,2026-09-23,新销量广告系列-0923-长裤2-1-新 - 广告副本,active,点击后 7 天内、浏览后 1 天内或互动观看后 1 天内,0,actions:offsite_conversion.fb_pixel_purchase,1618,1693,1.046395,29,0.6957,11.886246,20,使用广告组预算,20.12,2,1,0,0,0.0,0.0,,,OUTCOME_SALES,1202110000151
2026-09-24,2026-09-24,新销量广告系列-0923-长裤2-1-新 - 广告副本,active,点击后 7 天内、浏览后 1 天内或互动观看后 1 天内,1,actions:offsite_conversion.fb_pixel_purchase,1631,1781,1.091835,29,0.6796,11.222644,20,使用广告组预算,19.99,2,1,1,1,55.37,2.77,,,OUTCOME_SALES,1202110000151
2026-09-25,2026-09-25,新销量广告系列-0923-长裤2-1-新 - 广告副本,active,点击后 7 天内、浏览后 1 天内或互动观看后 1 天内,0,actions:offsite_conversion.fb_pixel_purchase,1236,1403,1.135253,22,0.8626,13.823258,20,使用广告组预算,19.39,1,0,0,0,0.0,0.0,,,OUTCOME_SALES,1202110000151
2026-09-26,2026-09-26,新销量广告系列-0923-长裤2-1-新 - 广告副本,active,点击后 7 天内、浏览后 1 天内或互动观看后 1 天内,1,actions:offsite_conversion.fb_pixel_purchase,1259,1481,1.176027,23,0.7856,12.208252,20,使用广告组预算,18.08,2,1,1,1,53.72,2.97,,,OUTCOME_SALES,1202110000151
2026-09-27,2026-09-27,新销量广告系列-0923-长裤2-1-新 - 广告副本,active,点击后 7 天内、浏览后 1 天内或互动观看后 1 天内,1,actions:offsite_conversion.fb_pixel_purchase,1479,1810,1.22433,27,0.766,11.50555,20,使用广告组预算,20.83,2,1,1,1,52.96,2.54,,,OUTCOME_SALES,1202110000151
2026-09-23,2026-09-23,新销量广告系列-0923-长裤3-1-新,active,点击后 7 天内、浏览后 1 天内或互动观看后 1 天内,1,actions:offsite_conversion.fb_pixel_purchase,3789,3947,1.041594,73,0.6832,12.702372,50,使用广告组预算,50.13,5,2,1,1,58.13,1.16,,,OUTCOME_SALES,1202110000152
2026-09-24,2026-09-24,新销量广告系列-0923-长裤3-1-新,active,点击后 7 天内、浏览后 1 天内或互动观看后 1 天内,2,actions:offsite_conversion.fb_pixel_purchase,3361,3607,1.073238,66,0.7702,14.082562,50,使用广告组预算,50.79,5,3,2,2,144.29,2.84,,,OUTCOME_SALES,1202110000152
2026-09-25,2026-09-25,新销量广告系列-0923-长裤3-1-新,active,点击后 7 天内、浏览后 1 天内或互动观看后 1 天内,1,actions:offsite_conversion.fb_pixel_purchase,3531,3904,1.105642,70,0.7029,12.629145,50,使用广告组预算,49.3,5,2,1,1,74.59,1.51,,,OUTCOME_SALES,1202110000152
2026-09-26,2026-09-26,新销量广告系列-0923-长裤3-1-新,active,点击后 7 天内、浏览后 1 天内或互动观看后 1 天内,2,actions:offsite_conversion.fb_pixel_purchase,3085,3512,1.138615,62,0.7493,13.248492,50,使用广告组预算,46.53,5,3,2,2,139.69,3.0,,,OUTCOME_SALES,1202110000152
2026-09-27,2026-09-27,新销量广告系列-0923-长裤3-1-新,active,点击后 7 天内、浏览后 1 天内或互动观看后 1 天内,1,actions:offsite_conversion.fb_pixel_purchase,3113,3646,1.171362,63,0.7711,13.415252,50,使用广告组预算,48.91,4,2,1,1,75.08,1.53,,,OUTCOME_SALES,1202110000152
2026-09-23,2026-09-23,新销量广告系列-0923-鞋1-1-新,active,点击后 7 天内、浏览后 1 天内或互动观看后 1 天内,0,actions:offsite_conversion.fb_pixel_purchase,813,941,1.157569,23,0.6794,16.853399,15,使用广告系列预算,15.85,1,1,0,0,0.0,0.0,,,OUTCOME_SALES,1202110000178
2026-09-24,2026-09-24,新销量广告系列-0923-鞋1-1-新,active,点击后 7 天内、浏览后 1 天内或互动观看后 1 天内,0,actions:offsite_conversion.fb_pixel_purchase,852,989,1.16067,24,0.6194,15.20305,15,使用广告系列预算,15.04,1,0,0,0,0.0,0.0,,,OUTCOME_SALES,1202110000178
2026-09-25,2026-09-25,新销量广告系列-0923-鞋1-1-新,active,点击后 7 天内、浏览后 1 天内或互动观看后 1 天内,0,actions:offsite_conversion.fb_pixel_purchase,848,987,1.163853,24,0.6163,14.965027,15,使用广告系列预算,14.77,1,0,0,0,0.0,0.0,,,OUTCOME_SALES,1202110000178
2026-09-26,2026-09-26,新销量广告系列-0923-鞋1-1-新,active,点击后 7 天内、浏览后 1 天内或互动观看后 1 天内,1,actions:offsite_conversion.fb_pixel_purchase,726,847,1.166815,20,0.7468,17.941644,15,使用广告系列预算,15.19,1,1,1,1,95.94,6.31,,,OUTCOME_SALES,1202110000178
2026-09-27,2026-09-27,新销量广告系列-0923-鞋1-1-新,active,点击后 7 天内、浏览后 1 天内或互动观看后 1 天内,0,actions:offsite_conversion.fb_pixel_purchase,791,925,1.169683,22,0.6725,15.982689,15,使用广告系列预算,14.78,1,0,0,0,0.0,0.0,,,OUTCOME_SALES,1202110000178
2026-09-23,2026-09-23,新销量广告系列-0923-鞋1-1-新 - 广告副本,active,点击后 7 天内、浏览后 1 天内或互动观看后 1 天内,0,actions:offsite_conversion.fb_pixel_purchase,400,436,1.091668,11,0.5679,14.259153,10,使用广告组预算,6.22,1,0,0,0,0.0,0.0,,,OUTCOME_SALES,1202110000179
2026-09-24,2026-09-24,新销量广告系列-0923-鞋1-1-新 - 广告副本,active,点击后 7 天内、浏览后 1 天内或互动观看后 1 天内,0,actions:offsite_conversion.fb_pixel_purchase,410,447,1.091888,11,0.6217,15.341437,10,使用广告组预算,6.86,1,1,0,0,0.0,0.0,,,OUTCOME_SALES,1202110000179
2026-09-25,2026-09-25,新销量广告系列-0923-鞋1-1-新 - 广告副本,active,点击后 7 天内、浏览后 1 天内或互动观看后 1 天内,0,actions:offsite_conversion.fb_pixel_purchase,429,468,1.092116,11,0.6059,14.689091,10,使用广告组预算,6.87,1,0,0,0,0.0,0.0,,,OUTCOME_SALES,1202110000179
2026-09-26,2026-09-26,新销量广告系列-0923-鞋1-1-新 - 广告副本,active,点击后 7 天内、浏览后 1 天内或互动观看后 1 天内,1,actions:offsite_conversion.fb_pixel_purchase,387,422,1.092337,10,0.6569,15.640644,10,使用广告组预算,6.6,1,1,1,1,128.87,19.52,,,OUTCOME_SALES,1202110000179
2026-09-27,2026-09-27,新销量广告系列-0923-鞋1-1-新 - 广告副本,active,点击后 7 天内、浏览后 1 天内或互动观看后 1 天内,0,actions:offsite_conversion.fb_pixel_purchase,324,354,1.092531,8,0.697,16.294356,10,使用广告组预算,5.77,1,1,0,0,0.0,0.0,,,OUTCOME_SALES,1202110000179
2026-09-23,2026-09-23,新销量广告系列-0923-鞋2-1-新,active,点击后 7 天内、浏览后 1 天内或互动观看后 1 天内,0,actions:offsite_conversion.fb_pixel_purchase,1485,1658,1.116545,37,0.7926,17.709347,30,使用广告系列预算,29.36,2,1,0,0,0.0,0.0,,,OUTCOME_SALES,1202110000180
2026-09-24,2026-09-24,新销量广告系列-0923-鞋2-1-新,active,点击后 7 天内、浏览后 1 天内或互动观看后 1 天内,0,actions:offsite_conversion.fb_pixel_purchase,1449,1622,1.11912,36,0.7767,17.301995,30,使用广告系列预算,28.06,2,0,0,0,0.0,0.0,,,OUTCOME_SALES,1202110000180
2026-09-25,2026-09-25,新销量广告系列-0923-鞋2-1-新,active,点击后 7 天内、浏览后 1 天内或互动观看后 1 天内,0,actions:offsite_conversion.fb_pixel_purchase,1462,1639,1.121686,36,0.7962,17.682853,30,使用广告系列预算,28.99,2,1,0,0,0.0,0.0,,,OUTCOME_SALES,1202110000180
2026-09-26,2026-09-26,新销量广告系列-0923-鞋2-1-新,active,点击后 7 天内、浏览后 1 天内或互动观看后 1 天内,1,actions:offsite_conversion.fb_pixel_purchase,1563,1758,1.124365,39,0.7773,17.208093,30,使用广告系列预算,30.25,3,1,1,1,114.88,3.8,,,OUTCOME_SALES,1202110000180
2026-09-27,2026-09-27,新销量广告系列-0923-鞋2-1-新,active,点击后 7 天内、浏览后 1 天内或互动观看后 1 天内,0,actions:offsite_conversion.fb_pixel_purchase,1299,1464,1.126912,32,0.8959,19.77662,30,使用广告系列预算,28.94,2,1,0,0,0.0,0.0,,,OUTCOME_SALES,1202110000180
2026-09-23,2026-09-23,新销量广告系列-0923-鞋2-1-新 - 广告副本,active,点击后 7 天内、浏览后 1 天内或互动观看后 1 天内,0,actions:offsite_conversion.fb_pixel_purchase,1440,1550,1.076333,38,0.6467,15.937553,25,使用广告组预算,24.71,2,0,0,0,0.0,0.0,,,OUTCOME_SALES,1202110000181
2026-09-24,2026-09-24,新销量广告系列-0923-鞋2-1-新 - 广告副本,active,点击后 7 天内、浏览后 1 天内或互动观看后 1 天内,0,actions:offsite_conversion.fb_pixel_purchase,1362,1524,1.119002,37,0.6663,16.070958,25,使用广告组预算,24.49,2,0,0,0,0.0,0.0,,,OUTCOME_SALES,1202110000181
2026-09-25,2026-09-25,新销量广告系列-0923-鞋2-1-新 - 广告副本,active,点击后 7 天内、浏览后 1 天内或互动观看后 1 天内,0,actions:offsite_conversion.fb_pixel_purchase,1330,1547,1.163307,37,0.6877,16.235765,25,使用广告组预算,25.12,1,0,0,0,0.0,0.0,,,OUTCOME_SALES,1202110000181
2026-09-26,2026-09-26,新销量广告系列-0923-鞋2-1-新 - 广告副本,active,点击后 7 天内、浏览后 1 天内或互动观看后 1 天内,1,actions:offsite_conversion.fb_pixel_purchase,1333,1614,1.210733,37,0.6784,15.671424,25,使用广告组预算,25.29,2,1,1,1,97.26,3.85,,,OUTCOME_SALES,1202110000181
2026-09-27,2026-09-27,新销量广告系列-0923-鞋2-1-新 - 广告副本,active,点击后 7 天内、浏览后 1 天内或互动观看后 1 天内,0,actions:offsite_conversion.fb_pixel_purchase,1257,1585,1.260709,36,0.6864,15.526181,25,使用广告组预算,24.61,1,0,0,0,0.0,0.0,,,OUTCOME_SALES,1202110000181
2026-09-23,2026-09-23,新销量广告系列-0923-鞋3-1-新,active,点击后 7 天内、浏览后 1 天内或互动观看后 1 天内,1,actions:offsite_conversion.fb_pixel_purchase,621,741,1.1938,17,0.7557,17.011372,20,使用广告组预算,12.61,1,1,1,1,97.08,7.7,,,OUTCOME_SALES,1202110000182
2026-09-24,2026-09-24,新销量广告系列-0923-鞋3-1-新,active,点击后 7 天内、浏览后 1 天内或互动观看后 1 天内,1,actions:offsite_conversion.fb_pixel_purchase,606,723,1.194313,16,0.7607,16.70398,20,使用广告组预算,12.09,2,1,1,1,92.31,7.64,,,OUTCOME_SALES,1202110000182
2026-09-25,2026-09-25,新销量广告系列-0923-鞋3-1-新,active,点击后 7 天内、浏览后 1 天内或互动观看后 1 天内,0,actions:offsite_conversion.fb_pixel_purchase,640,765,1.194835,16,0.7508,16.071232,20,使用广告组预算,12.29,1,0,0,0,0.0,0.0,,,OUTCOME_SALES,1202110000182
2026-09-26,2026-09-26,新销量广告系列-0923-鞋3-1-新,active,点击后 7 天内、浏览后 1 天内或互动观看后 1 天内,0,actions:offsite_conversion.fb_pixel_purchase,551,659,1.195335,14,0.8278,17.262898,20,使用广告组预算,11.37,1,0,0,0,0.0,0.0,,,OUTCOME_SALES,1202110000182
2026-09-27,2026-09-27,新销量广告系列-0923-鞋3-1-新,active,点击后 7 天内、浏览后 1 天内或互动观看后 1 天内,0,actions:offsite_conversion.fb_pixel_purchase,661,790,1.195843,16,0.7552,15.333137,20,使用广告组预算,12.12,1,0,0,0,0.0,0.0,,,OUTCOME_SALES,1202110000182
2026-09-23,2026-09-23,新销量广告系列-0923-风衣1-1-新,active,点击后 7 天内、浏览后 1 天内或互动观看后 1 天内,0,actions:offsite_conversion.fb_pixel_purchase,3483,3746,1.075402,76,0.6849,13.961683,50,使用广告组预算,52.29,4,1,0,1,0.0,0.0,,,OUTCOME_SALES,1202110000208
2026-09-24,2026-09-24,新销量广告系列-0923-风衣1-1-新,active,点击后 7 天内、浏览后 1 天内或互动观看后 1 天内,0,actions:offsite_conversion.fb_pixel_purchase,2875,3176,1.104689,63,0.7549,14.945661,50,使用广告组预算,47.46,3,1,0,0,0.0,0.0,,,OUTCOME_SALES,1202110000208
2026-09-25,2026-09-25,新销量广告系列-0923-风衣1-1-新,active,点击后 7 天内、浏览后 1 天内或互动观看后 1 天内,0,actions:offsite_conversion.fb_pixel_purchase,3281,3723,1.134651,71,0.756,14.505309,50,使用广告组预算,54.0,3,1,0,0,0.0,0.0,,,OUTCOME_SALES,1202110000208
2026-09-26,2026-09-26,新销量广告系列-0923-风衣1-1-新,active,点击后 7 天内、浏览后 1 天内或互动观看后 1 天内,0,actions:offsite_conversion.fb_pixel_purchase,2735,3187,1.165502,59,0.793,14.769821,50,使用广告组预算,47.08,3,1,0,0,0.0,0.0,,,OUTCOME_SALES,1202110000208
2026-09-27,2026-09-27,新销量广告系列-0923-风衣1-1-新,active,点击后 7 天内、浏览后 1 天内或互动观看后 1 天内,0,actions:offsite_conversion.fb_pixel_purchase,2599,3104,1.19431,56,0.8992,16.258179,50,使用广告组预算,50.47,3,1,0,0,0.0,0.0,,,OUTCOME_SALES,1202110000208
2026-09-23,2026-09-23,新销量广告系列-0923-风衣1-1-新 - 广告副本,active,点击后 7 天内、浏览后 1 天内或互动观看后 1 天内,0,actions:offsite_conversion.fb_pixel_purchase,1376,1671,1.214205,30,0.871,15.59942,30,使用广告组预算,26.07,2,1,0,0,0.0,0.0,,,OUTCOME_SALES,1202110000209
2026-09-24,2026-09-24,新销量广告系列-0923-风衣1-1-新 - 广告副本,active,点击后 7 天内、浏览后 1 天内或互动观看后 1 天内,0,actions:offsite_conversion.fb_pixel_purchase,1341,1634,1.219079,28,0.8666,15.108592,30,使用广告组预算,24.69,1,0,0,0,0.0,0.0,,,OUTCOME_SALES,1202110000209
2026-09-25,2026-09-25,新销量广告系列-0923-风衣1-1-新 - 广告副本,active,点击后 7 天内、浏览后 1 天内或互动观看后 1 天内,0,actions:offsite_conversion.fb_pixel_purchase,1232,1507,1.223731,26,0.9963,16.89905,30,使用广告组预算,25.47,2,1,0,0,0.0,0.0,,,OUTCOME_SALES,1202110000209
2026-09-26,2026-09-26,新销量广告系列-0923-风衣1-1-新 - 广告副本,active,点击后 7 天内、浏览后 1 天内或互动观看后 1 天内,1,actions:offsite_conversion.fb_pixel_purchase,1229,1510,1.228215,25,0.9918,16.355686,30,使用广告组预算,24.69,2,1,1,1,134.01,5.43,,,OUTCOME_SALES,1202110000209
2026-09-27,2026-09-27,新销量广告系列-0923-风衣1-1-新 - 广告副本,active,点击后 7 天内、浏览后 1 天内或互动观看后 1 天内,0,actions:offsite_conversion.fb_pixel_purchase,1190,1467,1.232655,24,1.077,17.256088,30,使用广告组预算,25.32,1,0,0,0,0.0,0.0,,,OUTCOME_SALES,1202110000209
2026-09-23,2026-09-23,新销量广告系列-0923-风衣2-1-新,active,点击后 7 天内、浏览后 1 天内或互动观看后 1 天内,0,actions:offsite_conversion.fb_pixel_purchase,287,308,1.07359,6,0.7481,15.229127,10,使用广告组预算,4.69,1,1,0,0,0.0,0.0,,,OUTCOME_SALES,1202110000210
2026-09-24,2026-09-24,新销量广告系列-0923-风衣2-1-新,active,点击后 7 天内、浏览后 1 天内或互动观看后 1 天内,0,actions:offsite_conversion.fb_pixel_purchase,301,324,1.07418,6,0.7963,15.948165,10,使用广告组预算,5.16,1,0,0,0,0.0,0.0,,,OUTCOME_SALES,1202110000210
2026-09-25,2026-09-25,新销量广告系列-0923-风衣2-1-新,active,点击后 7 天内、浏览后 1 天内或互动观看后 1 天内,0,actions:offsite_conversion.fb_pixel_purchase,279,300,1.074762,6,0.873,17.19917,10,使用广告组预算,5.17,0,0,0,0,0.0,0.0,,,OUTCOME_SALES,1202110000210
2026-09-26,2026-09-26,新销量广告系列-0923-风衣2-1-新,active,点击后 7 天内、浏览后 1 天内或互动观看后 1 天内,0,actions:offsite_conversion.fb_pixel_purchase,278,299,1.075323,6,0.8737,16.926575,10,使用广告组预算,5.07,0,0,0,0,0.0,0.0,,,OUTCOME_SALES,1202110000210
2026-09-27,2026-09-27,新销量广告系列-0923-风衣2-1-新,active,点击后 7 天内、浏览后 1 天内或互动观看后 1 天内,0,actions:offsite_conversion.fb_pixel_purchase,287,308,1.075891,6,0.8975,17.094648,10,使用广告组预算,5.27,1,1,0,0,0.0,0.0,,,OUTCOME_SALES,1202110000210
2026-09-23,2026-09-23,新销量广告系列-0923-风衣3-1-新,active,点击后 7 天内、浏览后 1 天内或互动观看后 1 天内,0,actions:offsite_conversion.fb_pixel_purchase,1019,1252,1.229186,20,0.9621,15.721801,20,使用广告组预算,19.69,1,0,0,0,0.0,0.0,,,OUTCOME_SALES,1202110000212
2026-09-24,2026-09-24,新销量广告系列-0923-风衣3-1-新,active,点击后 7 天内、浏览后 1 天内或互动观看后 1 天内,0,actions:offsite_conversion.fb_pixel_purchase,1013,1246,1.230479,20,1.0067,16.139371,20,使用广告组预算,20.11,1,0,0,0,0.0,0.0,,,OUTCOME_SALES,1202110000212
2026-09-25,2026-09-25,新销量广告系列-0923-风衣3-1-新,active,点击后 7 天内、浏览后 1 天内或互动观看后 1 天内,0,actions:offsite_conversion.fb_pixel_purchase,1162,1432,1.231865,23,0.8701,13.679902,20,使用广告组预算,19.59,2,1,0,0,0.0,0.0,,,OUTCOME_SALES,1202110000212
2026-09-26,2026-09-26,新销量广告系列-0923-风衣3-1-新,active,点击后 7 天内、浏览后 1 天内或互动观看后 1 天内,0,actions:offsite_conversion.fb_pixel_purchase,912,1125,1.233191,17,1.0884,16.776273,20,使用广告组预算,18.88,1,0,0,0,0.0,0.0,,,OUTCOME_SALES,1202110000212
2026-09-27,2026-09-27,新销量广告系列-0923-风衣3-1-新,active,点击后 7 天内、浏览后 1 天内或互动观看后 1 天内,0,actions:offsite_conversion.fb_pixel_purchase,1072,1323,1.234462,20,1.0134,15.307543,20,使用广告组预算,20.25,1,0,0,0,0.0,0.0,,,OUTCOME_SALES,1202110000212
